{
	"PatchName": "Two Row (Fixed Labels, Hud, and Hitboxes)",
	"AuthorName": "Zaigenshi",
	"TargetName": "ResidentMenu.szs",
	"Files": [
		{
			"FileName": "blyt/RdtBtnCtrl.bflyt",
			"Patches": [
				{
					"PaneName": "L_Balloon",
					"Position": {
						"X": 0,
						"Y": 160,
						"Z": 0
					},
					"Visible": false
				}
			]
		},
		{
			"FileName": "blyt/RdtBtnFullLauncher.bflyt",
			"Patches": [
				{
					"PaneName": "B_Hit",
					"Scale": {
						"X": 4,
						"Y": 4
					},
					"Size": {
						"X": 40,
						"Y": 40
					}
				},
				{
					"PaneName": "L_Balloon",
					"Visible": false
				}
			]
		},
		{
			"FileName": "blyt/RdtBtnSet.bflyt",
			"Patches": [
				{
					"PaneName": "L_Balloon",
					"Position": {
						"X": 0,
						"Y": 160,
						"Z": 0
					},
					"Visible": false
				}
			]
		},
		{
			"FileName": "blyt/RdtBtnPvr.bflyt",
			"Patches": [
				{
					"PaneName": "L_Balloon",
					"Position": {
						"X": 0,
						"Y": 160,
						"Z": 0
					},
					"Visible": false
				}
			]
		},
		{
			"FileName": "blyt/RdtBtnMyPage.bflyt",
			"Patches": [
				{
					"PaneName": "N_Root",
					"Position": {
						"X": 588,
						"Y": -545,
						"Z": 0
					}
				},
				{
					"PaneName": "L_Balloon",
					"Position": {
						"X": -50,
						"Y": 120,
						"Z": 0
					},
					"Visible": false
				},
				{
					"PaneName": "B_Hit",
					"Position": {
						"X": 588,
						"Y": -545,
						"Z": -545
					}
				}
			]
		},
		{
			"FileName": "blyt/RdtBtnIconGame.bflyt",
			"Patches": [
				{
					"PaneName": "RootPane",
					"Scale": {
						"X": 0.7,
						"Y": 0.7
					}
				}
			]
		},
		{
			"FileName": "blyt/RdtBase.bflyt",
			"Patches": [
				{
					"PaneName": "N_ScrollArea",
					"Size": {
						"X": 1210,
						"Y": 384
					}
				},
				{
					"PaneName": "N_ScrollWindow",
					"Size": {
						"X": 740,
						"Y": 322
					}
				},
				{
					"PaneName": "N_GameRoot",
					"Position": {
						"X": 0,
						"Y": 50,
						"Z": 0
					},
					"Scale": {
						"X": 0.00001,
						"Y": 1
					}
				},
				{
					"PaneName": "N_Game",
					"Scale": {
						"X": 103000,
						"Y": 1.03
					}
				},
				{
					"PaneName": "N_Icon_00",
					"Position": {
						"X": -465,
						"Y": 130,
						"Z": 130
					}
				},
				{
					"PaneName": "N_Icon_01",
					"Position": {
						"X": -280,
						"Y": 130,
						"Z": 130
					}
				},
				{
					"PaneName": "N_Icon_02",
					"Position": {
						"X": -95,
						"Y": 130,
						"Z": 130
					}
				},
				{
					"PaneName": "N_Icon_03",
					"Position": {
						"X": 90,
						"Y": 130,
						"Z": 130
					}
				},
				{
					"PaneName": "N_Icon_04",
					"Position": {
						"X": 275,
						"Y": 130,
						"Z": 130
					}
				},
				{
					"PaneName": "N_Icon_05",
					"Position": {
						"X": 460,
						"Y": 130,
						"Z": 130
					}
				},
				{
					"PaneName": "N_Icon_06",
					"Position": {
						"X": -465,
						"Y": -90,
						"Z": -90
					}
				},
				{
					"PaneName": "N_Icon_07",
					"Position": {
						"X": -280,
						"Y": -90,
						"Z": -90
					}
				},
				{
					"PaneName": "N_Icon_08",
					"Position": {
						"X": -95,
						"Y": -90,
						"Z": -90
					}
				},
				{
					"PaneName": "N_Icon_09",
					"Position": {
						"X": 90,
						"Y": -90,
						"Z": -90
					}
				},
				{
					"PaneName": "N_Icon_10",
					"Position": {
						"X": 275,
						"Y": -90,
						"Z": -90
					}
				},
				{
					"PaneName": "N_Icon_11",
					"Position": {
						"X": 460,
						"Y": -90,
						"Z": -90
					}
				},
				{
					"PaneName": "N_Icon_12",
					"Position": {
						"X": 578,
						"Y": 20,
						"Z": 0
					},
					"Scale": {
						"X": 0.25,
						"Y": 0.25
					}
				},
				{
					"PaneName": "N_System",
					"Position": {
						"X": 0,
						"Y": -176,
						"Z": 0
					}
				},
				{
					"PaneName": "L_BtnNoti",
					"Position": {
						"X": -445,
						"Y": -55,
						"Z": -55
					},
					"Scale": {
						"X": 0.8,
						"Y": 0.8
					}
				},
				{
					"PaneName": "L_BtnShop",
					"Position": {
						"X": -337,
						"Y": -55,
						"Z": -55
					},
					"Scale": {
						"X": 0.8,
						"Y": 0.8
					}
				},
				{
					"PaneName": "L_BtnPvr",
					"Position": {
						"X": -229,
						"Y": -55,
						"Z": -55
					},
					"Scale": {
						"X": 0.8,
						"Y": 0.8
					}
				},
				{
					"PaneName": "L_BtnCtrl",
					"Position": {
						"X": 229,
						"Y": -55,
						"Z": -55
					},
					"Scale": {
						"X": 0.8,
						"Y": 0.8
					}
				},
				{
					"PaneName": "L_BtnSet",
					"Position": {
						"X": 337,
						"Y": -55,
						"Z": -55
					},
					"Scale": {
						"X": 0.8,
						"Y": 0.8
					}
				},
				{
					"PaneName": "L_BtnPow",
					"Position": {
						"X": 445,
						"Y": -55,
						"Z": -55
					},
					"Scale": {
						"X": 0.8,
						"Y": 0.8
					}
				},
				{
					"PaneName": "L_ChildLock",
					"Position": {
						"X": -9999,
						"Y": 0,
						"Z": 0
					}
				},
				{
					"PaneName": "N_MyPage",
					"Position": {
						"X": -343,
						"Y": 315,
						"Z": 0
					}
				},
				{
					"PaneName": "L_BtnAccount_00",
					"Position": {
						"X": -248,
						"Y": 0,
						"Z": 0
					}
				},
				{
					"PaneName": "L_BtnAccount_01",
					"Position": {
						"X": -176,
						"Y": 0,
						"Z": 0
					}
				},
				{
					"PaneName": "L_BtnAccount_02",
					"Position": {
						"X": -320,
						"Y": 0,
						"Z": 0
					}
				},
				{
					"PaneName": "L_BtnAccount_03",
					"Position": {
						"X": -104,
						"Y": 0,
						"Z": 0
					}
				},
				{
					"PaneName": "L_BtnAccount_04",
					"Position": {
						"X": -392,
						"Y": 0,
						"Z": 0
					}
				},
				{
					"PaneName": "L_BtnAccount_05",
					"Position": {
						"X": -9999,
						"Y": 0,
						"Z": 0
					}
				},
				{
					"PaneName": "L_BtnAccount_06",
					"Position": {
						"X": -9999,
						"Y": 0,
						"Z": 0
					}
				},
				{
					"PaneName": "L_BtnAccount_07",
					"Position": {
						"X": -9999,
						"Y": 0,
						"Z": 0
					}
				},
				{
					"PaneName": "L_Hud",
					"Position": {
						"X": -225,
						"Y": -325,
						"Z": 0
					}
				}
			]
		},
		{
			"FileName": "blyt/RdtBtnNtf.bflyt",
			"Patches": [
				{
					"PaneName": "L_Balloon",
					"Position": {
						"X": 0,
						"Y": 160,
						"Z": 0
					},
					"Visible": false
				}
			]
		},
		{
			"FileName": "blyt/RdtBtnShop.bflyt",
			"Patches": [
				{
					"PaneName": "L_Balloon",
					"Position": {
						"X": 0,
						"Y": 160,
						"Z": 0
					},
					"Visible": false
				}
			]
		},
		{
			"FileName": "blyt/RdtBtnPow.bflyt",
			"Patches": [
				{
					"PaneName": "L_Balloon",
					"Position": {
						"X": 0,
						"Y": 160,
						"Z": 0
					},
					"Visible": false
				}
			]
		}
	]
}
