{
	"PatchName": "Small Compact Homescreen",
	"AuthorName": "Akai",
	"TargetName": "ResidentMenu.szs",
	"Files": [
		{
			"FileName": "blyt/RdtBtnCtrl.bflyt",
			"Patches": [
				{
					"PaneName": "P_PictBase",
					"Visible": false
				},
				{
					"PaneName": "L_Balloon",
					"Visible": false
				}
			]
		},
		{
			"FileName": "blyt/RdtBtnFullLauncher.bflyt",
			"Patches": [
				{
					"PaneName": "N_Root",
					"Rotation": {
						"X": 0,
						"Y": 0,
						"Z": 45
					}
				},
				{
					"PaneName": "P_PictBase",
					"Visible": false
				},
				{
					"PaneName": "N_Tip",
					"Visible": false
				},
				{
					"PaneName": "L_Balloon",
					"Visible": false
				}
			]
		},
		{
			"FileName": "blyt/RdtBtnSet.bflyt",
			"Patches": [
				{
					"PaneName": "P_PictBase",
					"Visible": false
				},
				{
					"PaneName": "L_Balloon",
					"Visible": false
				}
			]
		},
		{
			"FileName": "blyt/RdtBtnPvr.bflyt",
			"Patches": [
				{
					"PaneName": "P_PictBase",
					"Visible": false
				},
				{
					"PaneName": "L_Balloon",
					"Visible": false
				}
			]
		},
		{
			"FileName": "blyt/RdtBtnMyPage.bflyt",
			"Patches": [
				{
					"PaneName": "N_Tip",
					"Position": {
						"X": 0,
						"Y": 58,
						"Z": 0
					}
				}
			]
		},
		{
			"FileName": "blyt/RdtBtnIconGame.bflyt",
			"Patches": [
				{
					"PaneName": "RootPane",
					"Scale": {
						"X": 0.37,
						"Y": 0.37
					}
				},
				{
					"PaneName": "N_Tip",
					"Visible": false
				},
				{
					"PaneName": "B_Hit",
					"Position": {
						"X": -62,
						"Y": 0,
						"Z": 0
					},
					"Scale": {
						"X": 3,
						"Y": 3
					},
					"Size": {
						"X": 97.68,
						"Y": 97.68
					}
				}
			]
		},
		{
			"FileName": "blyt/RdtBase.bflyt",
			"Patches": [
				{
					"PaneName": "N_ScrollArea",
					"Position": {
						"X": 0,
						"Y": -280,
						"Z": 0
					},
					"Scale": {
						"X": 1,
						"Y": 0.5
					}
				},
				{
					"PaneName": "N_ScrollWindow",
					"Position": {
						"X": 0,
						"Y": -280,
						"Z": 0
					},
					"Scale": {
						"X": 1,
						"Y": 0.5
					}
				},
				{
					"PaneName": "N_GameRoot",
					"Position": {
						"X": -50,
						"Y": -230,
						"Z": 0
					},
					"Scale": {
						"X": 0.000001,
						"Y": 1
					}
				},
				{
					"PaneName": "N_Game",
					"Scale": {
						"X": 1000000,
						"Y": 1
					}
				},
				{
					"PaneName": "N_Icon_00",
					"Position": {
						"X": 0,
						"Y": 0,
						"Z": 0
					}
				},
				{
					"PaneName": "L_BtnChangeUser",
					"Visible": false
				},
				{
					"PaneName": "N_Icon_01",
					"Position": {
						"X": 100,
						"Y": 0,
						"Z": 0
					}
				},
				{
					"PaneName": "N_Icon_02",
					"Position": {
						"X": 200,
						"Y": 0,
						"Z": 0
					}
				},
				{
					"PaneName": "N_Icon_03",
					"Position": {
						"X": 300,
						"Y": 0,
						"Z": 0
					}
				},
				{
					"PaneName": "N_Icon_04",
					"Position": {
						"X": 400,
						"Y": 0,
						"Z": 0
					}
				},
				{
					"PaneName": "N_Icon_05",
					"Position": {
						"X": 500,
						"Y": 0,
						"Z": 0
					}
				},
				{
					"PaneName": "N_Icon_06",
					"Position": {
						"X": 1,
						"Y": -9999999,
						"Z": 0
					},
					"Visible": false
				},
				{
					"PaneName": "N_Icon_07",
					"Position": {
						"X": 1,
						"Y": -9999999,
						"Z": 0
					},
					"Visible": false
				},
				{
					"PaneName": "N_Icon_08",
					"Position": {
						"X": 1,
						"Y": -9999999,
						"Z": 0
					},
					"Visible": false
				},
				{
					"PaneName": "N_Icon_09",
					"Position": {
						"X": 1,
						"Y": -9999999,
						"Z": 0
					},
					"Visible": false
				},
				{
					"PaneName": "N_Icon_10",
					"Position": {
						"X": 1,
						"Y": -9999999,
						"Z": 0
					},
					"Visible": false
				},
				{
					"PaneName": "N_Icon_11",
					"Position": {
						"X": 1,
						"Y": -9999999,
						"Z": 0
					},
					"Visible": false
				},
				{
					"PaneName": "N_Icon_12",
					"Position": {
						"X": 600,
						"Y": 0,
						"Z": 0
					}
				},
				{
					"PaneName": "L_BtnFlc",
					"Position": {
						"X": 0,
						"Y": 0,
						"Z": 0
					},
					"Scale": {
						"X": 0.37,
						"Y": 0.37
					}
				},
				{
					"PaneName": "N_System",
					"Position": {
						"X": -600,
						"Y": -250,
						"Z": 0
					},
					"Scale": {
						"X": 0.7,
						"Y": 0.7
					}
				},
				{
					"PaneName": "L_BtnNoti",
					"Position": {
						"X": -1640,
						"Y": 0,
						"Z": 0
					},
					"Visible": false
				},
				{
					"PaneName": "L_BtnShop",
					"Position": {
						"X": -1540,
						"Y": 0,
						"Z": 0
					},
					"Visible": false
				},
				{
					"PaneName": "L_BtnPvr",
					"Position": {
						"X": 300,
						"Y": 0,
						"Z": 0
					}
				},
				{
					"PaneName": "L_BtnCtrl",
					"Position": {
						"X": 100,
						"Y": 0,
						"Z": 0
					}
				},
				{
					"PaneName": "L_BtnSet",
					"Position": {
						"X": 200,
						"Y": 0,
						"Z": 0
					}
				},
				{
					"PaneName": "L_BtnPow",
					"Position": {
						"X": 0,
						"Y": 0,
						"Z": 0
					}
				},
				{
					"PaneName": "L_ChildLock",
					"Visible": false
				},
				{
					"PaneName": "N_MyPage",
					"Position": {
						"X": -200000,
						"Y": -2000000,
						"Z": 0
					},
					"Scale": {
						"X": 0.8,
						"Y": 0.8
					}
				},
				{
					"PaneName": "L_Hud",
					"Position": {
						"X": -290,
						"Y": -325,
						"Z": 0
					}
				},
				{
					"PaneName": "L_BalloonCtrl",
					"Visible": false
				}
			]
		},
		{
			"FileName": "blyt/Hud.bflyt",
			"Patches": [
				{
					"PaneName": "L_BatteryConsole",
					"Scale": {
						"X": 0.6,
						"Y": 0.6
					}
				},
				{
					"PaneName": "N_BatteryNum",
					"Scale": {
						"X": 0.9,
						"Y": 0.9
					}
				},
				{
					"PaneName": "N_Signal",
					"Scale": {
						"X": 0.7,
						"Y": 0.7
					}
				},
				{
					"PaneName": "N_Time",
					"Position": {
						"X": 10,
						"Y": 0,
						"Z": 0
					},
					"Scale": {
						"X": 0.7,
						"Y": 0.7
					}
				}
			]
		},
		{
			"FileName": "blyt/RdtBtnPow.bflyt",
			"Patches": [
				{
					"PaneName": "P_PictBase",
					"Visible": false
				},
				{
					"PaneName": "L_Balloon",
					"Visible": false
				}
			]
		}
	]
}
