{
	"PatchName": "50% Scale, Everything to the Left and no header",
	"AuthorName": "Glowmoss",
	"TargetName": "Notification.szs",
	"Files": [
		{
			"FileName": "blyt/NtfBase.bflyt",
			"Patches": [
				{
					"PaneName": "L_Header",
					"Visible": false
				}
			]
		},
		{
			"FileName": "blyt/NtfCntList.bflyt",
			"Patches": [
				{
					"PaneName": "NH_Root",
					"Position": {
						"X": -350,
						"Y": -60
					},
					"Scale": {
						"X": 0.5,
						"Y": 0.5
					}
				},
				{
					"PaneName": "N_Header",
					"Position": {
						"X": -940
					}
				},
				{
					"PaneName": "L_BtnChannel",
					"Scale": {
						"X": 0.75,
						"Y": 0.75
					}
				},
				{
					"PaneName": "N_New",
					"Position": {
						"X": 50
					},
					"Scale": {
						"X": 0.75,
						"Y": 0.6
					}
				}
			]
		}
	]
}
