{
	"Files": [
		{
			"FileName": "blyt/Cursor3.bflyt",
			"Patches": [
				{
					"PaneName": "P_Main",
					"UsdPatches": [
						{
							"PropName": "S_BorderSize",
							"__self": null
						},
						{
							"PropName": "S_RoundRadius",
							"__self": null
						}
					]
				},
				{
					"PaneName": "P_Grow",
					"UsdPatches": [
						{
							"PropName": "S_BorderSize",
							"__self": null
						},
						{
							"PropName": "S_RoundRadius",
							"__self": null
						}
					]
				}
			]
		},
		{
			"FileName": "blyt/RdtBtnIconGame.bflyt",
			"Patches": [
				{
					"PaneName": "P_BtnBase",
					"UsdPatches": [
						{
							"PropName": "S_RoundRadius",
							"__self": null
						},
						{
							"PropName": "S_DropShadowDistance",
							"__self": null
						}
					]
				},
				{
					"PaneName": "P_IconGame",
					"UsdPatches": [
						{
							"PropName": "S_RoundRadius",
							"__self": null
						},
						{
							"PropName": "S_DropShadowVolume",
							"__self": null
						},
						{
							"PropName": "S_DropShadowDistance",
							"__self": null
						},
						{
							"PropName": "S_DropShadowSize",
							"__self": null
						}
					]
				},
				{
					"PaneName": "P_Blank",
					"UsdPatches": [
						{
							"PropName": "S_RoundRadius",
							"__self": null
						},
						{
							"PropName": "S_DropShadowDistance",
							"__self": null
						},
						{
							"PropName": "S_DropShadowSize",
							"__self": null
						}
					]
				},
				{
					"PaneName": "P_BtnDecideKey",
					"UsdPatches": [
						{
							"PropName": "S_RoundRadius",
							"__self": null
						}
					]
				},
				{
					"PaneName": "P_BtnTouch",
					"UsdPatches": [
						{
							"PropName": "S_RoundRadius",
							"__self": null
						}
					]
				}
			]
		}
	],
	"uuid": "638b932a-2550-4ee9-a3c2-2e7b4ddf0ccb"
}
