{
	"Files": [
		{
			"FileName": "blyt/RdtBtnCtrl.bflyt",
			"Patches": [
				{
					"PaneName": "P_PictBase",
					"Visible": false
				}
			]
		},
		{
			"FileName": "blyt/RdtBtnFullLauncher.bflyt",
			"Patches": [
				{
					"PaneName": "P_PictBase",
					"Visible": false
				}
			]
		},
		{
			"FileName": "blyt/RdtBtnSet.bflyt",
			"Patches": [
				{
					"PaneName": "P_PictBase",
					"Visible": false
				}
			]
		},
		{
			"FileName": "blyt/RdtBtnPvr.bflyt",
			"Patches": [
				{
					"PaneName": "P_PictBase",
					"Visible": false
				}
			]
		}
	],
	"uuid": "ac705f96-e51e-453e-bcba-a34b752e7eb8"
}
