{
	"Files": [
		{
			"FileName": "blyt/RdtBtnCtrl.bflyt",
			"Patches": [
				{
					"PaneName": "P_PictBase",
					"ColorTL": "FF000000",
					"ColorTR": "FF000000",
					"ColorBL": "FF000000",
					"ColorBR": "FF000000"
				}
			]
		},
		{
			"FileName": "blyt/RdtBtnFullLauncher.bflyt",
			"Patches": [
				{
					"PaneName": "P_PictBase",
					"ColorTL": "FF000000",
					"ColorTR": "FF000000",
					"ColorBL": "FF000000",
					"ColorBR": "FF000000"
				}
			]
		},
		{
			"FileName": "blyt/RdtBtnSet.bflyt",
			"Patches": [
				{
					"PaneName": "P_PictBase",
					"ColorTL": "FF000000",
					"ColorTR": "FF000000",
					"ColorBL": "FF000000",
					"ColorBR": "FF000000"
				}
			]
		},
		{
			"FileName": "blyt/RdtBtnPvr.bflyt",
			"Patches": [
				{
					"PaneName": "P_PictBase",
					"ColorTL": "FF000000",
					"ColorTR": "FF000000",
					"ColorBL": "FF000000",
					"ColorBR": "FF000000"
				}
			]
		}
	],
	"uuid": "41af2000-82d7-4dc0-8985-19fe78a2a09d"
}
