{
	"Files": [
		{
			"FileName": "blyt/PslSelectSinglePlayer.bflyt",
			"Patches": [
				{
					"PaneName": "N_Cnt",
					"Position": {
						"X": 0,
						"Y": -200,
						"Z": 0
					}
				},
				{
					"PaneName": "RootPane",
					"Scale": {
						"X": 0.9,
						"Y": 0.9
					}
				},
				{
					"PaneName": "P_Bg",
					"Scale": {
						"X": 1.1111111,
						"Y": 1.1111111
					}
				},
				{
					"PaneName": "exelixPSL",
					"Scale": {
						"X": 1.1111111,
						"Y": 1.1111111
					}
				}
			]
		}
	],
	"uuid": "b77b434f-5811-42fc-bd5e-ab44d7f24b61"
}
