{
	"PatchName": "Mockup UI v1.3.1",
	"AuthorName": "mustachecatto",
	"TargetName": "ResidentMenu.szs",
	"HideOnlineBtn": true,
	"Files": [
		{
			"FileName": "blyt/RdtBtnCtrl.bflyt",
			"Patches": [
				{
					"PaneName": "L_Balloon",
					"Visible": false
				}
			]
		},
		{
			"FileName": "blyt/RdtBtnSet.bflyt",
			"Patches": [
				{
					"PaneName": "L_Balloon",
					"Visible": false
				}
			]
		},
		{
			"FileName": "blyt/RdtBtnChildLock.bflyt",
			"Patches": [
				{
					"PaneName": "L_Balloon",
					"Visible": false
				}
			]
		},
		{
			"FileName": "blyt/RdtBtnPvr.bflyt",
			"Patches": [
				{
					"PaneName": "L_Balloon",
					"Visible": false
				}
			]
		},
		{
			"FileName": "blyt/RdtBtnMyPage.bflyt",
			"Patches": [
				{
					"PaneName": "N_Root",
					"Position": {
						"X": 588,
						"Y": -50,
						"Z": 0
					}
				},
				{
					"PaneName": "L_Balloon",
					"Visible": false
				},
				{
					"PaneName": "B_Hit",
					"Position": {
						"X": 588,
						"Y": -50,
						"Z": -50
					}
				}
			]
		},
		{
			"FileName": "blyt/RdtBase.bflyt",
			"Patches": [
				{
					"PaneName": "N_GameRoot",
					"Position": {
						"X": 0,
						"Y": 0,
						"Z": 0
					}
				},
				{
					"PaneName": "N_System",
					"Position": {
						"X": 0,
						"Y": 300,
						"Z": 0
					}
				},
				{
					"PaneName": "L_BtnNoti",
					"Position": {
						"X": -452,
						"Y": -40,
						"Z": 5
					},
					"Scale": {
						"X": 0.8,
						"Y": 0.8
					}
				},
				{
					"PaneName": "L_BtnShop",
					"Position": {
						"X": -344,
						"Y": -40,
						"Z": 5
					},
					"Scale": {
						"X": 0.8,
						"Y": 0.8
					}
				},
				{
					"PaneName": "L_BtnPvr",
					"Position": {
						"X": 452,
						"Y": -40,
						"Z": 5
					},
					"Scale": {
						"X": 0.8,
						"Y": 0.8
					}
				},
				{
					"PaneName": "L_BtnCtrl",
					"Position": {
						"X": 344,
						"Y": -40,
						"Z": 5
					},
					"Scale": {
						"X": 0.8,
						"Y": 0.8
					}
				},
				{
					"PaneName": "L_BtnSet",
					"Position": {
						"X": 560,
						"Y": -40,
						"Z": 5
					},
					"Scale": {
						"X": 0.8,
						"Y": 0.8
					}
				},
				{
					"PaneName": "L_BtnPow",
					"Position": {
						"X": -560,
						"Y": -40,
						"Z": 5
					},
					"Scale": {
						"X": 0.8,
						"Y": 0.8
					}
				},
				{
					"PaneName": "L_ChildLock",
					"Position": {
						"X": 106,
						"Y": -230,
						"Z": 0
					}
				},
				{
					"PaneName": "N_MyPage",
					"Position": {
						"X": -343,
						"Y": 315,
						"Z": 0
					}
				},
				{
					"PaneName": "L_BtnAccount_00",
					"Position": {
						"X": -248,
						"Y": 0,
						"Z": 0
					}
				},
				{
					"PaneName": "L_BtnAccount_01",
					"Position": {
						"X": -176,
						"Y": 0,
						"Z": 0
					}
				},
				{
					"PaneName": "L_BtnAccount_02",
					"Position": {
						"X": -320,
						"Y": 0,
						"Z": 0
					}
				},
				{
					"PaneName": "L_BtnAccount_03",
					"Position": {
						"X": -999999,
						"Y": -999999,
						"Z": 0
					}
				},
				{
					"PaneName": "L_BtnAccount_04",
					"Position": {
						"X": -999999,
						"Y": -999999,
						"Z": 0
					}
				},
				{
					"PaneName": "L_BtnAccount_05",
					"Position": {
						"X": -999999,
						"Y": -999999,
						"Z": 0
					}
				},
				{
					"PaneName": "L_BtnAccount_06",
					"Position": {
						"X": -999999,
						"Y": -999999,
						"Z": 0
					}
				},
				{
					"PaneName": "L_BtnAccount_07",
					"Position": {
						"X": -9999,
						"Y": -999999,
						"Z": 0
					}
				},
				{
					"PaneName": "L_Hud",
					"Position": {
						"X": 600,
						"Y": 335,
						"Z": 0
					}
				}
			]
		},
		{
			"FileName": "blyt/RdtBtnNtf.bflyt",
			"Patches": [
				{
					"PaneName": "L_Balloon",
					"Visible": false
				}
			]
		},
		{
			"FileName": "blyt/RdtBtnShop.bflyt",
			"Patches": [
				{
					"PaneName": "L_Balloon",
					"Visible": false
				}
			]
		},
		{
			"FileName": "blyt/RdtBtnPow.bflyt",
			"Patches": [
				{
					"PaneName": "L_Balloon",
					"Visible": false
				}
			]
		}
	]
}
