{
	"PatchName": "Goose Apps",
	"AuthorName": "Goose & M1ke",
	"TargetName": "Flaunch.szs",
	"Files": [
		{
			"FileName": "blyt/FlcCntMain.bflyt",
			"Patches": [
				{
					"PaneName": "N_PosAll",
					"Position": {
						"Y": -20
					}
				},
				{
					"PaneName": "NH_CntInOut",
					"Position": {
						"Y": 90
					}
				},
				{
					"PaneName": "N_Sort",
					"Visible": false
				},
				{
					"PaneName": "L_Header",
					"Visible": false
				},
				{
					"PaneName": "L_BtnGrp",
					"Position": {
						"X": 604,
						"Y": -390
					}
				},
				{
					"PaneName": "L_BtnSort",
					"Position": {
						"X": 604,
						"Y": -390
					}
				},
				{
					"PaneName": "L_Loading"
				},
				{
					"PaneName": "L_Shop",
					"Visible": false
				}
			]
		},
		{
			"FileName": "blyt/FlcBtnIconGame.bflyt",
			"Patches": [
				{
					"PaneName": "N_Tip",
					"Visible": false
				}
			]
		}
	]
}
