{
	"TargetName": "ResidentMenu.szs",
	"PatchName": "Side View Home",
	"AuthorName": "Zaigenshi",
	"Files": [
		{
			"FileName": "blyt/RdtBtnCtrl.bflyt",
			"Patches": [
				{
					"PaneName": "N_Tip",
					"Scale": {
						"X": 0,
						"Y": 0
					}
				},
				{
					"PaneName": "B_Hit",
					"Position": {
						"X": 400,
						"Y": 0,
						"Z": 0
					}
				}
			]
		},
		{
			"FileName": "blyt/RdtBtnFullLauncher.bflyt",
			"Patches": [
				{
					"PaneName": "N_Tip",
					"Scale": {
						"X": 400,
						"Y": 0
					}
				},
				{
					"PaneName": "B_Hit",
					"Position": {
						"X": 400,
						"Y": 0,
						"Z": 0
					}
				}
			]
		},
		{
			"FileName": "blyt/RdtBtnSet.bflyt",
			"Patches": [
				{
					"PaneName": "N_Tip",
					"Scale": {
						"X": 0,
						"Y": 0
					}
				},
				{
					"PaneName": "B_Hit",
					"Position": {
						"X": 400,
						"Y": -120,
						"Z": 0
					}
				}
			]
		},
		{
			"FileName": "blyt/RdtBtnPvr.bflyt",
			"Patches": [
				{
					"PaneName": "N_Tip",
					"Scale": {
						"X": 0,
						"Y": 0
					}
				},
				{
					"PaneName": "B_Hit",
					"Position": {
						"X": -1200,
						"Y": -120,
						"Z": -120
					}
				}
			]
		},
		{
			"FileName": "blyt/RdtBtnMyPage.bflyt",
			"Patches": [
				{
					"PaneName": "N_Tip",
					"Scale": {
						"X": 0,
						"Y": 0
					}
				},
				{
					"PaneName": "B_Hit",
					"Position": {
						"X": -1220,
						"Y": -60,
						"Z": -60
					}
				}
			]
		},
		{
			"FileName": "blyt/RdtBtnIconGame.bflyt",
			"Patches": [
				{
					"PaneName": "RootPane",
					"Scale": {
						"X": 0.7,
						"Y": 0.7
					}
				},
				{
					"PaneName": "B_Hit",
					"Position": {
						"X": -62,
						"Y": 0,
						"Z": 0
					}
				}
			]
		},
		{
			"FileName": "blyt/RdtBase.bflyt",
			"Patches": [
				{
					"PaneName": "N_ScrollArea",
					"Position": {
						"X": 0,
						"Y": 0,
						"Z": 0
					},
					"Size": {
						"X": 1210,
						"Y": 784
					}
				},
				{
					"PaneName": "N_ScrollWindow",
					"Position": {
						"X": 0,
						"Y": 0,
						"Z": 0
					},
					"Size": {
						"X": 740,
						"Y": 322
					}
				},
				{
					"PaneName": "N_GameRoot",
					"Position": {
						"X": 0,
						"Y": -45,
						"Z": -45
					}
				},
				{
					"PaneName": "N_Game",
					"Position": {
						"X": 0,
						"Y": -65,
						"Z": -65
					},
					"Scale": {
						"X": 0.86,
						"Y": 0.86
					}
				},
				{
					"PaneName": "N_Icon_00",
					"Position": {
						"X": 15,
						"Y": 325,
						"Z": 325
					},
					"Scale": {
						"X": 0.7,
						"Y": 0.7
					}
				},
				{
					"PaneName": "N_Icon_01",
					"Position": {
						"X": 200,
						"Y": 325,
						"Z": 325
					},
					"Scale": {
						"X": 0.7,
						"Y": 0.7
					}
				},
				{
					"PaneName": "N_Icon_02",
					"Position": {
						"X": 385,
						"Y": 325,
						"Z": 325
					},
					"Scale": {
						"X": 0.7,
						"Y": 0.7
					}
				},
				{
					"PaneName": "N_Icon_03",
					"Position": {
						"X": 570,
						"Y": 325,
						"Z": 325
					},
					"Scale": {
						"X": 0.7,
						"Y": 0.7
					}
				},
				{
					"PaneName": "N_Icon_04",
					"Position": {
						"X": 15,
						"Y": 105,
						"Z": 105
					},
					"Scale": {
						"X": 0.7,
						"Y": 0.7
					}
				},
				{
					"PaneName": "N_Icon_05",
					"Position": {
						"X": 200,
						"Y": 105,
						"Z": 105
					},
					"Scale": {
						"X": 0.7,
						"Y": 0.7
					}
				},
				{
					"PaneName": "N_Icon_06",
					"Position": {
						"X": 385,
						"Y": 105,
						"Z": 105
					},
					"Scale": {
						"X": 0.7,
						"Y": 0.7
					}
				},
				{
					"PaneName": "N_Icon_07",
					"Position": {
						"X": 570,
						"Y": 105,
						"Z": 105
					},
					"Scale": {
						"X": 0.7,
						"Y": 0.7
					}
				},
				{
					"PaneName": "N_Icon_08",
					"Position": {
						"X": 15,
						"Y": -115,
						"Z": -115
					},
					"Scale": {
						"X": 0.7,
						"Y": 0.7
					}
				},
				{
					"PaneName": "N_Icon_09",
					"Position": {
						"X": 200,
						"Y": -115,
						"Z": -115
					},
					"Scale": {
						"X": 0.7,
						"Y": 0.7
					}
				},
				{
					"PaneName": "N_Icon_10",
					"Position": {
						"X": 385,
						"Y": -115,
						"Z": -115
					},
					"Scale": {
						"X": 0.7,
						"Y": 0.7
					}
				},
				{
					"PaneName": "N_Icon_11",
					"Position": {
						"X": 570,
						"Y": -115,
						"Z": -115
					},
					"Scale": {
						"X": 0.7,
						"Y": 0.7
					}
				},
				{
					"PaneName": "N_Icon_12",
					"Position": {
						"X": 694.4,
						"Y": 102.55,
						"Z": 0
					},
					"Scale": {
						"X": 0.3,
						"Y": 0.3
					}
				},
				{
					"PaneName": "N_System",
					"Position": {
						"X": 239,
						"Y": 0,
						"Z": 0
					},
					"Scale": {
						"X": 0.6,
						"Y": 0.6
					}
				},
				{
					"PaneName": "L_BtnNoti",
					"Position": {
						"X": -565,
						"Y": -240,
						"Z": 0
					},
					"Scale": {
						"X": 0.8,
						"Y": 0.8
					}
				},
				{
					"PaneName": "L_BtnShop",
					"Position": {
						"X": -9999,
						"Y": -9999,
						"Z": -9999
					},
					"Scale": {
						"X": 0,
						"Y": 0
					}
				},
				{
					"PaneName": "L_BtnPvr",
					"Position": {
						"X": -565,
						"Y": 390,
						"Z": 0
					},
					"Scale": {
						"X": 0.8,
						"Y": 0.8
					}
				},
				{
					"PaneName": "L_BtnCtrl",
					"Position": {
						"X": 606,
						"Y": -240,
						"Z": 0
					},
					"Scale": {
						"X": 0.8,
						"Y": 0.8
					}
				},
				{
					"PaneName": "L_BtnSet",
					"Position": {
						"X": 606,
						"Y": 390,
						"Z": 0
					},
					"Scale": {
						"X": 0.8,
						"Y": 0.8
					}
				},
				{
					"PaneName": "L_BtnPow",
					"Position": {
						"X": -9999,
						"Y": -9999,
						"Z": -9999
					},
					"Scale": {
						"X": 0,
						"Y": 0
					}
				},
				{
					"PaneName": "L_ChildLock",
					"Position": {
						"X": -9999,
						"Y": 0,
						"Z": 0
					}
				},
				{
					"PaneName": "N_MyPage",
					"Position": {
						"X": -100,
						"Y": 44,
						"Z": 0
					},
					"Scale": {
						"X": 0.75,
						"Y": 0.75
					}
				},
				{
					"PaneName": "L_BtnAccount_00",
					"Position": {
						"X": 0,
						"Y": 0,
						"Z": 0
					}
				},
				{
					"PaneName": "L_BtnAccount_01",
					"Position": {
						"X": -9999,
						"Y": -9999,
						"Z": -9999
					}
				},
				{
					"PaneName": "L_BtnAccount_02",
					"Position": {
						"X": -9999,
						"Y": -9999,
						"Z": -9999
					}
				},
				{
					"PaneName": "L_BtnAccount_03",
					"Position": {
						"X": -9999,
						"Y": -9999,
						"Z": -9999
					}
				},
				{
					"PaneName": "L_BtnAccount_04",
					"Position": {
						"X": -9999,
						"Y": -9999,
						"Z": -9999
					}
				},
				{
					"PaneName": "L_BtnAccount_05",
					"Position": {
						"X": -9999,
						"Y": -9999,
						"Z": -9999
					}
				},
				{
					"PaneName": "L_BtnAccount_06",
					"Position": {
						"X": -9999,
						"Y": -9999,
						"Z": -9999
					}
				},
				{
					"PaneName": "L_BtnAccount_07",
					"Position": {
						"X": -9999,
						"Y": -9999,
						"Z": -9999
					}
				},
				{
					"PaneName": "L_Hud",
					"Position": {
						"X": 816,
						"Y": 385,
						"Z": 0
					}
				}
			]
		},
		{
			"FileName": "blyt/RdtBalloon.bflyt",
			"Patches": [
				{
					"PaneName": "T_Main"
				},
				{
					"PaneName": "T_Sub"
				}
			]
		},
		{
			"FileName": "blyt/Hud.bflyt",
			"Patches": [
				{
					"PaneName": "N_Root",
					"Position": {
						"X": -456.5,
						"Y": -640,
						"Z": 0
					}
				}
			]
		},
		{
			"FileName": "blyt/RdtBtnNtf.bflyt",
			"Patches": [
				{
					"PaneName": "N_Tip",
					"Scale": {
						"X": 0,
						"Y": 0
					}
				},
				{
					"PaneName": "B_Hit",
					"Position": {
						"X": -1200,
						"Y": 0,
						"Z": 0
					}
				}
			]
		},
		{
			"FileName": "blyt/RdtBtnChangeUser.bflyt",
			"Patches": [
				{
					"PaneName": "T_00"
				}
			]
		}
	]
}
