{
	"PatchName": "Careful Layout",
	"AuthorName": "Migush",
	"TargetName": "ResidentMenu.szs",
	"Files": [
		{
			"FileName": "blyt/BgNml.bflyt",
			"Patches": [
				{
					"PaneName": "P_Bg_00",
					"Position": {
						"X": 0,
						"Y": -245,
						"Z": 0
					},
					"Size": {
						"X": 1280,
						"Y": 230
					},
					"UsdPatches": [
						{
							"PropName": "C_W",
							"PropValues": ["31", "2", "0", "0"],
							"type": 1
						}
					]
				}
			]
		},
		{
			"FileName": "blyt/RdtBtnCtrl.bflyt",
			"Patches": [
				{
					"PaneName": "N_Tip",
					"Visible": false
				},
				{
					"PaneName": "B_Hit",
					"Size": {
						"X": 20,
						"Y": 140
					}
				}
			]
		},
		{
			"FileName": "blyt/RdtBg.bflyt",
			"Patches": [
				{
					"PaneName": "L_BgNml",
					"Visible": false
				}
			]
		},
		{
			"FileName": "blyt/HudTime.bflyt",
			"Patches": [
				{
					"PaneName": "N_AMPM",
					"Position": {
						"X": 18.5,
						"Y": -2.5,
						"Z": 0
					},
					"Scale": {
						"X": 0.75,
						"Y": 0.75
					}
				}
			]
		},
		{
			"FileName": "blyt/RdtBalloonSystemApplet.bflyt",
			"Patches": [
				{
					"PaneName": "T_Main"
				}
			]
		},
		{
			"FileName": "blyt/RdtBtnFullLauncher.bflyt",
			"Patches": [
				{
					"PaneName": "P_PictBase",
					"UsdPatches": [
						{
							"PropName": "S_RoundRadius",
							"PropValues": ["30"],
							"type": 2
						}
					]
				},
				{
					"PaneName": "P_Pict_00",
					"UsdPatches": [
						{
							"PropName": "S_RoundRadius",
							"PropValues": ["40"],
							"type": 2
						}
					]
				},
				{
					"PaneName": "P_PictBase_00",
					"UsdPatches": [
						{
							"PropName": "S_RoundRadius",
							"PropValues": ["40"],
							"type": 2
						}
					]
				},
				{
					"PaneName": "P_Pict_01",
					"UsdPatches": [
						{
							"PropName": "S_RoundRadius",
							"PropValues": ["40"],
							"type": 2
						}
					]
				},
				{
					"PaneName": "P_PictBase_01",
					"UsdPatches": [
						{
							"PropName": "S_RoundRadius",
							"PropValues": ["40"],
							"type": 2
						}
					]
				},
				{
					"PaneName": "P_Pict_02",
					"UsdPatches": [
						{
							"PropName": "S_RoundRadius",
							"PropValues": ["40"],
							"type": 2
						}
					]
				},
				{
					"PaneName": "P_PictBase_02",
					"UsdPatches": [
						{
							"PropName": "S_RoundRadius",
							"PropValues": ["40"],
							"type": 2
						}
					]
				},
				{
					"PaneName": "P_Pict_03",
					"UsdPatches": [
						{
							"PropName": "S_RoundRadius",
							"PropValues": ["40"],
							"type": 2
						}
					]
				},
				{
					"PaneName": "P_PictBase_03",
					"UsdPatches": [
						{
							"PropName": "S_RoundRadius",
							"PropValues": ["40"],
							"type": 2
						}
					]
				},
				{
					"PaneName": "P_BtnDecideKey",
					"UsdPatches": [
						{
							"PropName": "S_RoundRadius",
							"PropValues": ["40"],
							"type": 2
						}
					]
				},
				{
					"PaneName": "P_BtnTouch",
					"UsdPatches": [
						{
							"PropName": "S_RoundRadius",
							"PropValues": ["40"],
							"type": 2
						}
					]
				},
				{
					"PaneName": "N_BtnFocusKey",
					"UsdPatches": [
						{
							"PropName": "S_RoundRadius",
							"PropValues": ["30"],
							"type": 2
						}
					]
				},
				{
					"PaneName": "P_Effect",
					"UsdPatches": [
						{
							"PropName": "S_RoundRadius",
							"PropValues": ["30"],
							"type": 2
						}
					]
				},
				{
					"PaneName": "N_Tip",
					"Position": {
						"X": 0,
						"Y": -185,
						"Z": 0
					},
					"Visible": false
				},
				{
					"PaneName": "L_Balloon"
				}
			]
		},
		{
			"FileName": "blyt/Cursor3.bflyt",
			"Patches": [
				{
					"PaneName": "P_Main",
					"ColorTL": "64E10200",
					"ColorTR": "64FFFFFF",
					"ColorBL": "6419FF00",
					"ColorBR": "64C81E00",
					"UsdPatches": [
						{
							"PropName": "S_BorderSize",
							"PropValues": ["6"],
							"type": 2
						},
						{
							"PropName": "S_RoundRadius",
							"PropValues": ["20"],
							"type": 2
						}
					]
				},
				{
					"PaneName": "P_Grow",
					"UsdPatches": [
						{
							"PropName": "S_BorderSize",
							"PropValues": ["6"],
							"type": 2
						},
						{
							"PropName": "S_RoundRadius",
							"PropValues": ["20"],
							"type": 2
						}
					]
				}
			]
		},
		{
			"FileName": "blyt/RdtBtnSet.bflyt",
			"Patches": [
				{
					"PaneName": "N_Tip",
					"Visible": false
				},
				{
					"PaneName": "B_Hit",
					"Size": {
						"X": 20,
						"Y": 140
					}
				}
			]
		},
		{
			"FileName": "blyt/RdtBtnPvr.bflyt",
			"Patches": [
				{
					"PaneName": "N_Root",
					"Position": {
						"X": 0,
						"Y": 3,
						"Z": 0
					}
				},
				{
					"PaneName": "P_PictBase",
					"Position": {
						"X": 0,
						"Y": -3,
						"Z": 0
					},
					"Scale": {
						"X": 1.744196,
						"Y": 0.77
					},
					"Size": {
						"X": 150,
						"Y": 66
					}
				},
				{
					"PaneName": "N_02",
					"Position": {
						"X": -70,
						"Y": -5,
						"Z": 0
					}
				},
				{
					"PaneName": "P_PictMask",
					"Scale": {
						"X": 0.5,
						"Y": 0.5
					}
				},
				{
					"PaneName": "N_01",
					"Position": {
						"X": -68,
						"Y": -8,
						"Z": 0
					}
				},
				{
					"PaneName": "P_Pict_01",
					"Position": {
						"X": 21.99999,
						"Y": 11,
						"Z": 0
					},
					"Scale": {
						"X": 0.5,
						"Y": 0.5
					}
				},
				{
					"PaneName": "P_Color",
					"Position": {
						"X": 21.99999,
						"Y": 11,
						"Z": 0
					},
					"Scale": {
						"X": 0.5,
						"Y": 0.5
					}
				},
				{
					"PaneName": "N_00",
					"Position": {
						"X": -70,
						"Y": -5,
						"Z": 0
					}
				},
				{
					"PaneName": "P_Pict_00",
					"Scale": {
						"X": 0.5,
						"Y": 0.5
					}
				},
				{
					"PaneName": "P_BtnDecideKey",
					"Visible": false
				},
				{
					"PaneName": "P_BtnTouch",
					"Position": {
						"X": 0,
						"Y": -3,
						"Z": 0
					},
					"Size": {
						"X": 150,
						"Y": 66
					}
				},
				{
					"PaneName": "N_BtnFocusKey",
					"Position": {
						"X": 0,
						"Y": -3,
						"Z": 0
					},
					"Size": {
						"X": 167.44,
						"Y": 70.7
					}
				},
				{
					"PaneName": "P_Effect",
					"Position": {
						"X": 0,
						"Y": -3,
						"Z": 0
					},
					"Size": {
						"X": 150,
						"Y": 66
					}
				},
				{
					"PaneName": "N_Tip",
					"Position": {
						"X": 18,
						"Y": -3,
						"Z": 0
					}
				},
				{
					"PaneName": "B_Hit",
					"Position": {
						"X": 0,
						"Y": -3,
						"Z": 0
					},
					"Scale": {
						"X": 1.5,
						"Y": 0.77
					},
					"Size": {
						"X": 167.44,
						"Y": 76.7
					}
				}
			]
		},
		{
			"FileName": "blyt/RdtBtnMyPage.bflyt",
			"Patches": [
				{
					"PaneName": "L_Num_01"
				},
				{
					"PaneName": "L_Num_02"
				},
				{
					"PaneName": "N_Tip",
					"Visible": false
				},
				{
					"PaneName": "B_Hit",
					"Scale": {
						"X": 70,
						"Y": 80
					},
					"Size": {
						"X": 1,
						"Y": 1
					}
				}
			]
		},
		{
			"FileName": "blyt/RdtBtnIconGame.bflyt",
			"Patches": [
				{
					"PaneName": "P_BtnBase",
					"UsdPatches": [
						{
							"PropName": "S_RoundRadius",
							"PropValues": ["20"],
							"type": 2
						},
						{
							"PropName": "S_DropShadowDistance",
							"PropValues": ["15"],
							"type": 2
						}
					]
				},
				{
					"PaneName": "P_IconGame",
					"UsdPatches": [
						{
							"PropName": "S_RoundRadius",
							"PropValues": ["20"],
							"type": 2
						},
						{
							"PropName": "S_DropShadowVolume",
							"PropValues": ["2,8"],
							"type": 2
						},
						{
							"PropName": "S_DropShadowDistance",
							"PropValues": ["0"],
							"type": 2
						},
						{
							"PropName": "S_DropShadowSize",
							"PropValues": ["8"],
							"type": 2
						}
					]
				},
				{
					"PaneName": "P_Blank",
					"UsdPatches": [
						{
							"PropName": "S_RoundRadius",
							"PropValues": ["20"],
							"type": 2
						},
						{
							"PropName": "S_DropShadowDistance",
							"PropValues": ["1"],
							"type": 2
						},
						{
							"PropName": "S_DropShadowSize",
							"PropValues": ["8"],
							"type": 2
						}
					]
				},
				{
					"PaneName": "N_Suspend",
					"Position": {
						"X": 0,
						"Y": -94.99998,
						"Z": 0
					}
				},
				{
					"PaneName": "T_Suspend"
				},
				{
					"PaneName": "N_DL",
					"Position": {
						"X": 0,
						"Y": 0,
						"Z": 0
					}
				},
				{
					"PaneName": "P_BtnDecideKey",
					"Size": {
						"X": 290,
						"Y": 290
					},
					"UsdPatches": [
						{
							"PropName": "S_RoundRadius",
							"PropValues": ["20"],
							"type": 2
						}
					]
				},
				{
					"PaneName": "P_BtnTouch",
					"UsdPatches": [
						{
							"PropName": "S_RoundRadius",
							"PropValues": ["20"],
							"type": 2
						}
					]
				},
				{
					"PaneName": "P_InnerCursor",
					"Visible": false,
					"UsdPatches": [
						{
							"PropName": "S_RoundRadius",
							"PropValues": ["20"],
							"type": 2
						}
					]
				},
				{
					"PaneName": "N_BtnFocusKey",
					"Size": {
						"X": 256,
						"Y": 256
					}
				},
				{
					"PaneName": "P_EffectDecide",
					"Scale": {
						"X": 1.05,
						"Y": 1.05
					}
				},
				{
					"PaneName": "N_Tip",
					"Position": {
						"X": 0,
						"Y": -207.875,
						"Z": 0
					}
				},
				{
					"PaneName": "L_Balloon",
					"Position": {
						"X": 0,
						"Y": 0,
						"Z": 0
					}
				},
				{
					"PaneName": "B_Hit",
					"Scale": {
						"X": 1.2,
						"Y": 1.2
					},
					"Size": {
						"X": 217.6,
						"Y": 217.6
					}
				}
			],
			"AddGroups": [
				{
					"GroupName": "G_ActiveMigush",
					"Panes": [
						"N_Root",
						"P_InnerCursor",
						"P_IconGame",
						"P_BtnTouch",
						"N_Suspend",
						"P_BtnDecideKey",
						"P_Blank",
						"P_BtnBase",
						"N_BtnFocusKey",
						"B_Hit"
					]
				}
			]
		},
		{
			"FileName": "blyt/RdtBase.bflyt",
			"Patches": [
				{
					"PaneName": "N_ScrollArea",
					"Position": {
						"X": 0,
						"Y": -128.5,
						"Z": 0
					},
					"Scale": {
						"X": 1,
						"Y": 0.9
					},
					"Size": {
						"X": 1300,
						"Y": 240
					}
				},
				{
					"PaneName": "N_ScrollWindow",
					"Position": {
						"X": 0,
						"Y": -128.5,
						"Z": 0
					},
					"Scale": {
						"X": 1,
						"Y": 0.85
					},
					"Size": {
						"X": 1140,
						"Y": 244
					}
				},
				{
					"PaneName": "T_Blank"
				},
				{
					"PaneName": "N_GameRoot",
					"Position": {
						"X": 0,
						"Y": -128.5,
						"Z": 0
					},
					"Scale": {
						"X": 0.85,
						"Y": 0.85
					}
				},
				{
					"PaneName": "L_BtnChangeUser",
					"Position": {
						"X": 0,
						"Y": -135,
						"Z": 0
					},
					"Scale": {
						"X": 0.9,
						"Y": 0.9
					},
					"Visible": false
				},
				{
					"PaneName": "N_Icon_12",
					"Position": {
						"X": 2807,
						"Y": 0,
						"Z": 1
					}
				},
				{
					"PaneName": "L_BtnFlc",
					"Scale": {
						"X": 0.85,
						"Y": 0.85
					}
				},
				{
					"PaneName": "N_System",
					"Position": {
						"X": 0,
						"Y": 290,
						"Z": 0
					}
				},
				{
					"PaneName": "L_BtnNoti",
					"Position": {
						"X": 590,
						"Y": 5000,
						"Z": 0
					},
					"Scale": {
						"X": 0.6,
						"Y": 0.6
					}
				},
				{
					"PaneName": "L_BtnShop",
					"Position": {
						"X": 283,
						"Y": 0,
						"Z": 0
					},
					"Scale": {
						"X": 0.6,
						"Y": 0.6
					}
				},
				{
					"PaneName": "L_BtnPvr",
					"Position": {
						"X": -410,
						"Y": 0,
						"Z": 0
					},
					"Scale": {
						"X": 0.9,
						"Y": 0.9
					}
				},
				{
					"PaneName": "L_BtnCtrl",
					"Position": {
						"X": 444,
						"Y": -64,
						"Z": 0
					},
					"Scale": {
						"X": 0.6,
						"Y": 0.6
					}
				},
				{
					"PaneName": "L_BtnSet",
					"Position": {
						"X": 504,
						"Y": -64,
						"Z": 0
					},
					"Scale": {
						"X": 0.6,
						"Y": 0.6
					}
				},
				{
					"PaneName": "L_BtnPow",
					"Position": {
						"X": 564,
						"Y": -64,
						"Z": 0
					},
					"Scale": {
						"X": 0.6,
						"Y": 0.6
					}
				},
				{
					"PaneName": "L_ChildLock",
					"Position": {
						"X": 106,
						"Y": 290,
						"Z": 0
					}
				},
				{
					"PaneName": "N_MyPage",
					"Position": {
						"X": 320,
						"Y": 40,
						"Z": 0
					}
				},
				{
					"PaneName": "L_BtnAccount_00",
					"Position": {
						"X": -880,
						"Y": 250,
						"Z": 0
					}
				},
				{
					"PaneName": "L_BtnAccount_01",
					"Position": {
						"X": 257,
						"Y": 0,
						"Z": 0
					},
					"Scale": {
						"X": 0.8,
						"Y": 0.8
					}
				},
				{
					"PaneName": "L_BtnAccount_02",
					"Position": {
						"X": 185,
						"Y": 0,
						"Z": 0
					},
					"Scale": {
						"X": 0.8,
						"Y": 0.8
					}
				},
				{
					"PaneName": "L_BtnAccount_03",
					"Position": {
						"X": 113,
						"Y": 0,
						"Z": 0
					},
					"Scale": {
						"X": 0.8,
						"Y": 0.8
					}
				},
				{
					"PaneName": "L_BtnAccount_04",
					"Scale": {
						"X": 0.8,
						"Y": 0.8
					}
				},
				{
					"PaneName": "L_BtnAccount_05",
					"Position": {
						"X": -31,
						"Y": 0,
						"Z": 0
					},
					"Scale": {
						"X": 0.8,
						"Y": 0.8
					}
				},
				{
					"PaneName": "L_BtnAccount_06",
					"Position": {
						"X": -103,
						"Y": 0,
						"Z": 0
					},
					"Scale": {
						"X": 0.8,
						"Y": 0.8
					}
				},
				{
					"PaneName": "L_BtnAccount_07",
					"Position": {
						"X": -175,
						"Y": 0,
						"Z": 0
					},
					"Scale": {
						"X": 0.8,
						"Y": 0.8
					}
				},
				{
					"PaneName": "L_Hud",
					"Position": {
						"X": 590,
						"Y": 290,
						"Z": 0
					}
				},
				{
					"PaneName": "L_BalloonCtrl",
					"Position": {
						"X": 441,
						"Y": 191,
						"Z": 0
					},
					"Rotation": {
						"X": 0,
						"Y": 0,
						"Z": 180
					}
				}
			]
		},
		{
			"FileName": "blyt/HudBatteryNum.bflyt",
			"Patches": [
				{
					"PaneName": "P_Per",
					"Position": {
						"X": -6.5,
						"Y": -0.2,
						"Z": 0
					}
				},
				{
					"PaneName": "L_GTNum_00"
				},
				{
					"PaneName": "L_GTNum_01"
				},
				{
					"PaneName": "L_GTNum_02"
				}
			]
		},
		{
			"FileName": "blyt/RdtBalloonCtrl.bflyt",
			"Patches": [
				{
					"PaneName": "N_Ctrl",
					"Rotation": {
						"X": 0,
						"Y": 0,
						"Z": 180
					}
				}
			]
		},
		{
			"FileName": "blyt/RdtBalloon.bflyt",
			"Patches": [
				{
					"PaneName": "T_Main"
				},
				{
					"PaneName": "T_Sub"
				},
				{
					"PaneName": "W_Fade"
				},
				{
					"PaneName": "N_Card",
					"Position": {
						"X": -257,
						"Y": 0,
						"Z": 0
					}
				}
			]
		},
		{
			"FileName": "blyt/Hud.bflyt",
			"Patches": [
				{
					"PaneName": "N_Root",
					"Size": {
						"X": 8,
						"Y": 8
					}
				},
				{
					"PaneName": "L_BatteryConsole",
					"Visible": false
				},
				{
					"PaneName": "N_BatteryNum",
					"Size": {
						"X": 90,
						"Y": 40
					}
				},
				{
					"PaneName": "N_Margin_01",
					"Size": {
						"X": 25,
						"Y": 40
					}
				},
				{
					"PaneName": "N_Time",
					"Size": {
						"X": 12,
						"Y": 30
					}
				},
				{
					"PaneName": "L_Time",
					"Scale": {
						"X": 0.85,
						"Y": 0.85
					}
				}
			]
		},
		{
			"FileName": "blyt/RdtBtnNtf.bflyt",
			"Patches": [
				{
					"PaneName": "L_New",
					"Position": {
						"X": 50,
						"Y": 11,
						"Z": 0
					}
				},
				{
					"PaneName": "P_PictBase",
					"Position": {
						"X": 0,
						"Y": -8333.333,
						"Z": 0
					},
					"Scale": {
						"X": 10.4651165,
						"Y": 1
					},
					"Size": {
						"X": 150,
						"Y": 66
					}
				},
				{
					"PaneName": "N_Pict_00",
					"Position": {
						"X": -50,
						"Y": -4,
						"Z": 0
					}
				},
				{
					"PaneName": "P_PictNtf_00",
					"Scale": {
						"X": 0.5,
						"Y": 0.5
					}
				},
				{
					"PaneName": "P_PictNtf_01",
					"Position": {
						"X": -3.5,
						"Y": 0,
						"Z": 0
					},
					"Scale": {
						"X": 0.5,
						"Y": 0.5
					}
				},
				{
					"PaneName": "P_BtnDecideKey",
					"Visible": false
				},
				{
					"PaneName": "P_BtnTouch",
					"Size": {
						"X": 150,
						"Y": 66
					}
				},
				{
					"PaneName": "N_BtnFocusKey",
					"Position": {
						"X": 0,
						"Y": -3,
						"Z": 0
					},
					"Size": {
						"X": 167.44,
						"Y": 70.7
					}
				},
				{
					"PaneName": "P_Effect",
					"Size": {
						"X": 150,
						"Y": 66
					}
				},
				{
					"PaneName": "N_Tip",
					"Position": {
						"X": 18,
						"Y": 0,
						"Z": 0
					}
				},
				{
					"PaneName": "B_Hit",
					"Size": {
						"X": 167.44,
						"Y": 70.7
					}
				}
			]
		},
		{
			"FileName": "blyt/RdtBtnShop.bflyt",
			"Patches": [
				{
					"PaneName": "N_Tip",
					"Visible": false
				},
				{
					"PaneName": "B_Hit",
					"Scale": {
						"X": 1,
						"Y": 1.3
					},
					"Size": {
						"X": 200,
						"Y": 80
					}
				}
			]
		},
		{
			"FileName": "blyt/RdtBtnPow.bflyt",
			"Patches": [
				{
					"PaneName": "N_Tip",
					"Visible": false
				},
				{
					"PaneName": "B_Hit",
					"Size": {
						"X": 20,
						"Y": 140
					}
				}
			]
		},
		{
			"FileName": "blyt/BatteryConsole.bflyt",
			"Patches": [
				{
					"PaneName": "L_Num_01"
				},
				{
					"PaneName": "L_Num_02"
				},
				{
					"PaneName": "P_Per",
					"Position": {
						"X": 8,
						"Y": -2,
						"Z": 0
					}
				}
			]
		}
	],
	"Anims": [
		{
			"FileName": "anim/RdtBtnNtf_Active.bflan",
			"AnimJson": "{\"LittleEndian\":true,\"Version\":134610944,\"pat1\":{\"AnimationOrder\":6,\"Name\":\"Active\",\"ChildBinding\":0,\"Groups\":[\"G_Active\"],\"Unk_StartOfFile\":0,\"Unk_EndOfFile\":0,\"Unk_EndOfHeader\":\"AS0B\"},\"pai1\":{\"FrameSize\":1,\"Flags\":0,\"Textures\":[],\"Entries\":[{\"Name\":\"P_PictBase\",\"Target\":0,\"Tags\":[{\"Unknown\":0,\"TagType\":\"FLPA\",\"Entries\":[{\"Index\":0,\"AnimationTarget\":8,\"DataType\":2,\"KeyFrames\":[{\"Frame\":0.0,\"Value\":86.0,\"Blend\":10.0},{\"Frame\":1.0,\"Value\":96.0,\"Blend\":0.0}],\"FLEUUnknownInt\":0,\"FLEUEntryName\":\"\"},{\"Index\":0,\"AnimationTarget\":9,\"DataType\":2,\"KeyFrames\":[{\"Frame\":0.0,\"Value\":86.0,\"Blend\":10.0},{\"Frame\":1.0,\"Value\":96.0,\"Blend\":0.0}],\"FLEUUnknownInt\":0,\"FLEUEntryName\":\"\"}]}],\"UnkwnownData\":\"\"},{\"Name\":\"L_New\",\"Target\":0,\"Tags\":[{\"Unknown\":0,\"TagType\":\"FLPA\",\"Entries\":[{\"Index\":0,\"AnimationTarget\":0,\"DataType\":2,\"KeyFrames\":[{\"Frame\":0.0,\"Value\":38.0,\"Blend\":7.0},{\"Frame\":1.0,\"Value\":45.0,\"Blend\":0.0}],\"FLEUUnknownInt\":0,\"FLEUEntryName\":\"\"},{\"Index\":0,\"AnimationTarget\":1,\"DataType\":2,\"KeyFrames\":[{\"Frame\":0.0,\"Value\":38.0,\"Blend\":7.0},{\"Frame\":1.0,\"Value\":45.0,\"Blend\":0.0}],\"FLEUUnknownInt\":0,\"FLEUEntryName\":\"\"}]}],\"UnkwnownData\":\"\"},{\"Name\":\"N_ScaleDecide\",\"Target\":0,\"Tags\":[{\"Unknown\":0,\"TagType\":\"FLPA\",\"Entries\":[{\"Index\":0,\"AnimationTarget\":6,\"DataType\":2,\"KeyFrames\":[{\"Frame\":0.0,\"Value\":1.0,\"Blend\":0.08000004},{\"Frame\":1.0,\"Value\":1.116279,\"Blend\":0.0}],\"FLEUUnknownInt\":0,\"FLEUEntryName\":\"\"},{\"Index\":0,\"AnimationTarget\":7,\"DataType\":2,\"KeyFrames\":[{\"Frame\":0.0,\"Value\":1.0,\"Blend\":0.08000004},{\"Frame\":1.0,\"Value\":1.116279,\"Blend\":0.0}],\"FLEUUnknownInt\":0,\"FLEUEntryName\":\"\"}]}],\"UnkwnownData\":\"\"}]}}"
		},
		{
			"FileName": "anim/RdtBtnIconGame_FocusKey.bflan",
			"AnimJson": "{\"LittleEndian\":true,\"Version\":134610944,\"pat1\":{\"AnimationOrder\":4,\"Name\":\"FocusKey\",\"ChildBinding\":0,\"Groups\":[\"G_BtnKey\"],\"Unk_StartOfFile\":0,\"Unk_EndOfFile\":0,\"Unk_EndOfHeader\":\"AAEA\"},\"pai1\":{\"FrameSize\":1,\"Flags\":0,\"Textures\":[],\"Entries\":[{\"Name\":\"N_BtnFocusKey\",\"Target\":0,\"Tags\":[{\"Unknown\":0,\"TagType\":\"FLVC\",\"Entries\":[{\"Index\":0,\"AnimationTarget\":16,\"DataType\":2,\"KeyFrames\":[{\"Frame\":0.0,\"Value\":0.0,\"Blend\":0.0},{\"Frame\":1.0,\"Value\":0.0,\"Blend\":0.0},{\"Frame\":1.0,\"Value\":255.0,\"Blend\":0.0}],\"FLEUUnknownInt\":0,\"FLEUEntryName\":\"\"}]}],\"UnkwnownData\":\"\"},{\"Name\":\"P_BtnBase\",\"Target\":0,\"Tags\":[{\"Unknown\":0,\"TagType\":\"FLVC\",\"Entries\":[{\"Index\":0,\"AnimationTarget\":16,\"DataType\":2,\"KeyFrames\":[{\"Frame\":0.0,\"Value\":255.0,\"Blend\":0.0},{\"Frame\":1.0,\"Value\":255.0,\"Blend\":0.0},{\"Frame\":1.0,\"Value\":255.0,\"Blend\":0.0}],\"FLEUUnknownInt\":0,\"FLEUEntryName\":\"\"}]}],\"UnkwnownData\":\"\"}]}}"
		},
		{
			"FileName": "anim/RdtBtnShop_Effect.bflan",
			"AnimJson": "{\"LittleEndian\":true,\"Version\":134610944,\"pat1\":{\"AnimationOrder\":8,\"Name\":\"Effect\",\"ChildBinding\":0,\"Groups\":[\"G_Effect\"],\"Unk_StartOfFile\":0,\"Unk_EndOfFile\":0,\"Unk_EndOfHeader\":\"ADAA\"},\"pai1\":{\"FrameSize\":28,\"Flags\":0,\"Textures\":[],\"Entries\":[{\"Name\":\"P_Effect\",\"Target\":0,\"Tags\":[{\"Unknown\":0,\"TagType\":\"FLPA\",\"Entries\":[{\"Index\":0,\"AnimationTarget\":6,\"DataType\":2,\"KeyFrames\":[{\"Frame\":0.0,\"Value\":1.0,\"Blend\":0.112759516},{\"Frame\":7.0,\"Value\":1.36130941,\"Blend\":0.00614828477},{\"Frame\":20.0,\"Value\":1.41330492,\"Blend\":0.0}],\"FLEUUnknownInt\":0,\"FLEUEntryName\":\"\"},{\"Index\":0,\"AnimationTarget\":7,\"DataType\":2,\"KeyFrames\":[{\"Frame\":0.0,\"Value\":1.0,\"Blend\":0.112759516},{\"Frame\":7.0,\"Value\":1.36130941,\"Blend\":0.00614828477},{\"Frame\":20.0,\"Value\":1.41330492,\"Blend\":0.0}],\"FLEUUnknownInt\":0,\"FLEUEntryName\":\"\"}]},{\"Unknown\":0,\"TagType\":\"FLVC\",\"Entries\":[{\"Index\":0,\"AnimationTarget\":16,\"DataType\":2,\"KeyFrames\":[{\"Frame\":0.0,\"Value\":0.0,\"Blend\":34.88073},{\"Frame\":3.0,\"Value\":60.0,\"Blend\":0.0},{\"Frame\":20.0,\"Value\":0.0,\"Blend\":0.0}],\"FLEUUnknownInt\":0,\"FLEUEntryName\":\"\"}]}],\"UnkwnownData\":\"\"},{\"Name\":\"P_Pict\",\"Target\":0,\"Tags\":[{\"Unknown\":0,\"TagType\":\"FLPA\",\"Entries\":[{\"Index\":0,\"AnimationTarget\":6,\"DataType\":2,\"KeyFrames\":[{\"Frame\":0.0,\"Value\":1.0,\"Blend\":-1.20279527},{\"Frame\":4.0,\"Value\":0.5,\"Blend\":0.1582468},{\"Frame\":4.0,\"Value\":0.0,\"Blend\":1.011456},{\"Frame\":6.0,\"Value\":0.5,\"Blend\":0.50025},{\"Frame\":10.0,\"Value\":1.0,\"Blend\":0.0},{\"Frame\":10.0,\"Value\":1.0,\"Blend\":-0.100279547},{\"Frame\":12.0,\"Value\":0.5,\"Blend\":0.1582468},{\"Frame\":14.0,\"Value\":0.0,\"Blend\":-0.102795228},{\"Frame\":16.0,\"Value\":0.5,\"Blend\":0.0},{\"Frame\":20.0,\"Value\":1.0,\"Blend\":0.0}],\"FLEUUnknownInt\":0,\"FLEUEntryName\":\"\"}]}],\"UnkwnownData\":\"\"}]}}"
		},
		{
			"FileName": "anim/RdtBtnIconGame_SuspendIn.bflan",
			"AnimJson": "{\"LittleEndian\":true,\"Version\":134610944,\"pat1\":{\"AnimationOrder\":15,\"Name\":\"SuspendIn\",\"ChildBinding\":0,\"Groups\":[\"G_SuspendInOut\"],\"Unk_StartOfFile\":0,\"Unk_EndOfFile\":0,\"Unk_EndOfHeader\":\"AX0B\"},\"pai1\":{\"FrameSize\":1,\"Flags\":0,\"Textures\":[],\"Entries\":[{\"Name\":\"N_Suspend\",\"Target\":0,\"Tags\":[{\"Unknown\":0,\"TagType\":\"FLPA\",\"Entries\":[{\"Index\":0,\"AnimationTarget\":6,\"DataType\":2,\"KeyFrames\":[{\"Frame\":0.0,\"Value\":1.0,\"Blend\":0.0}],\"FLEUUnknownInt\":0,\"FLEUEntryName\":\"\"},{\"Index\":0,\"AnimationTarget\":7,\"DataType\":2,\"KeyFrames\":[{\"Frame\":0.0,\"Value\":1.0,\"Blend\":0.0}],\"FLEUUnknownInt\":0,\"FLEUEntryName\":\"\"}]},{\"Unknown\":0,\"TagType\":\"FLVC\",\"Entries\":[{\"Index\":0,\"AnimationTarget\":16,\"DataType\":2,\"KeyFrames\":[{\"Frame\":0.0,\"Value\":255.0,\"Blend\":0.0}],\"FLEUUnknownInt\":0,\"FLEUEntryName\":\"\"}]}],\"UnkwnownData\":\"\"}]}}"
		},
		{
			"FileName": "anim/HudTime_TimeFormat.bflan",
			"AnimJson": "{\"LittleEndian\":true,\"Version\":134610944,\"pat1\":{\"AnimationOrder\":0,\"Name\":\"TimeFormat\",\"ChildBinding\":0,\"Groups\":[\"G_TimeFormat\"],\"Unk_StartOfFile\":0,\"Unk_EndOfFile\":0,\"Unk_EndOfHeader\":\"AAEA\"},\"pai1\":{\"FrameSize\":1,\"Flags\":0,\"Textures\":[],\"Entries\":[{\"Name\":\"N_Root\",\"Target\":0,\"Tags\":[{\"Unknown\":0,\"TagType\":\"FLPA\",\"Entries\":[{\"Index\":0,\"AnimationTarget\":0,\"DataType\":2,\"KeyFrames\":[{\"Frame\":0.0,\"Value\":0.0,\"Blend\":0.0},{\"Frame\":1.0,\"Value\":0.0,\"Blend\":0.0},{\"Frame\":1.0,\"Value\":-10.0,\"Blend\":0.0}],\"FLEUUnknownInt\":0,\"FLEUEntryName\":\"\"}]}],\"UnkwnownData\":\"\"},{\"Name\":\"N_AMPM\",\"Target\":0,\"Tags\":[{\"Unknown\":0,\"TagType\":\"FLVI\",\"Entries\":[{\"Index\":0,\"AnimationTarget\":0,\"DataType\":1,\"KeyFrames\":[{\"Frame\":0.0,\"Value\":0.0,\"Blend\":0.0},{\"Frame\":1.0,\"Value\":1.0,\"Blend\":0.0}],\"FLEUUnknownInt\":0,\"FLEUEntryName\":\"\"}]}],\"UnkwnownData\":\"\"}]}}"
		},
		{
			"FileName": "anim/RdtBalloonSystemApplet_In.bflan",
			"AnimJson": "{\"LittleEndian\":true,\"Version\":134610944,\"pat1\":{\"AnimationOrder\":0,\"Name\":\"In\",\"ChildBinding\":0,\"Groups\":[\"G_Root\"],\"Unk_StartOfFile\":0,\"Unk_EndOfFile\":0,\"Unk_EndOfHeader\":\"/wAA\"},\"pai1\":{\"FrameSize\":6,\"Flags\":0,\"Textures\":[],\"Entries\":[{\"Name\":\"N_Root\",\"Target\":0,\"Tags\":[{\"Unknown\":0,\"TagType\":\"FLVC\",\"Entries\":[{\"Index\":0,\"AnimationTarget\":16,\"DataType\":2,\"KeyFrames\":[{\"Frame\":0.0,\"Value\":255.0,\"Blend\":0.0},{\"Frame\":6.0,\"Value\":255.0,\"Blend\":0.0}],\"FLEUUnknownInt\":0,\"FLEUEntryName\":\"\"}]}],\"UnkwnownData\":\"\"}]}}"
		},
		{
			"FileName": "anim/RdtBalloonSystemApplet_Out.bflan",
			"AnimJson": "{\"LittleEndian\":true,\"Version\":134610944,\"pat1\":{\"AnimationOrder\":1,\"Name\":\"Out\",\"ChildBinding\":0,\"Groups\":[\"G_Root\"],\"Unk_StartOfFile\":0,\"Unk_EndOfFile\":0,\"Unk_EndOfHeader\":\"AM4A\"},\"pai1\":{\"FrameSize\":6,\"Flags\":0,\"Textures\":[],\"Entries\":[{\"Name\":\"N_Root\",\"Target\":0,\"Tags\":[{\"Unknown\":0,\"TagType\":\"FLVC\",\"Entries\":[{\"Index\":0,\"AnimationTarget\":16,\"DataType\":2,\"KeyFrames\":[{\"Frame\":0.0,\"Value\":255.0,\"Blend\":0.0},{\"Frame\":6.0,\"Value\":255.0,\"Blend\":0.0}],\"FLEUUnknownInt\":0,\"FLEUEntryName\":\"\"}]}],\"UnkwnownData\":\"\"}]}}"
		},
		{
			"FileName": "anim/RdtBtnIconGame_Blank.bflan",
			"AnimJson": "{\"LittleEndian\":true,\"Version\":134610944,\"pat1\":{\"AnimationOrder\":14,\"Name\":\"Blank\",\"ChildBinding\":0,\"Groups\":[\"G_Base\"],\"Unk_StartOfFile\":0,\"Unk_EndOfFile\":0,\"Unk_EndOfHeader\":\"AWkB\"},\"pai1\":{\"FrameSize\":1,\"Flags\":0,\"Textures\":[],\"Entries\":[{\"Name\":\"P_IconGame\",\"Target\":0,\"Tags\":[{\"Unknown\":0,\"TagType\":\"FLVC\",\"Entries\":[{\"Index\":0,\"AnimationTarget\":16,\"DataType\":2,\"KeyFrames\":[{\"Frame\":0.0,\"Value\":0.0,\"Blend\":0.0},{\"Frame\":4.0,\"Value\":0.0,\"Blend\":0.0},{\"Frame\":4.0,\"Value\":255.0,\"Blend\":0.0}],\"FLEUUnknownInt\":0,\"FLEUEntryName\":\"\"}]}],\"UnkwnownData\":\"\"},{\"Name\":\"P_Blank\",\"Target\":0,\"Tags\":[{\"Unknown\":0,\"TagType\":\"FLVC\",\"Entries\":[{\"Index\":0,\"AnimationTarget\":16,\"DataType\":2,\"KeyFrames\":[{\"Frame\":0.0,\"Value\":255.0,\"Blend\":0.0},{\"Frame\":2.0,\"Value\":255.0,\"Blend\":0.0},{\"Frame\":2.0,\"Value\":0.0,\"Blend\":0.0}],\"FLEUUnknownInt\":0,\"FLEUEntryName\":\"\"}]}],\"UnkwnownData\":\"\"}]}}"
		},
		{
			"FileName": "anim/RdtBtnIconGame_Inactive.bflan",
			"AnimJson": "{\"LittleEndian\":true,\"Version\":134610944,\"pat1\":{\"AnimationOrder\":13,\"Name\":\"Inactive\",\"ChildBinding\":0,\"Groups\":[\"G_ActiveMigush\"],\"Unk_StartOfFile\":0,\"Unk_EndOfFile\":0,\"Unk_EndOfHeader\":\"AWEB\"},\"pai1\":{\"FrameSize\":4000,\"Flags\":0,\"Textures\":[],\"Entries\":[{\"Name\":\"N_Root\",\"Target\":0,\"Tags\":[{\"Unknown\":0,\"TagType\":\"FLPA\",\"Entries\":[{\"Index\":0,\"AnimationTarget\":6,\"DataType\":2,\"KeyFrames\":[{\"Frame\":0.0,\"Value\":1.0,\"Blend\":0.0}],\"FLEUUnknownInt\":0,\"FLEUEntryName\":\"\"},{\"Index\":0,\"AnimationTarget\":7,\"DataType\":2,\"KeyFrames\":[{\"Frame\":0.0,\"Value\":1.0,\"Blend\":0.0}],\"FLEUUnknownInt\":0,\"FLEUEntryName\":\"\"}]},{\"Unknown\":0,\"TagType\":\"FLVC\",\"Entries\":[{\"Index\":0,\"AnimationTarget\":16,\"DataType\":2,\"KeyFrames\":[{\"Frame\":0.0,\"Value\":255.0,\"Blend\":0.0}],\"FLEUUnknownInt\":0,\"FLEUEntryName\":\"\"}]}],\"UnkwnownData\":\"\"},{\"Name\":\"P_InnerCursor\",\"Target\":0,\"Tags\":[{\"Unknown\":0,\"TagType\":\"FLVC\",\"Entries\":[{\"Index\":0,\"AnimationTarget\":16,\"DataType\":2,\"KeyFrames\":[{\"Frame\":0.0,\"Value\":255.0,\"Blend\":-85.0},{\"Frame\":3.0,\"Value\":0.0,\"Blend\":0.0}],\"FLEUUnknownInt\":0,\"FLEUEntryName\":\"\"}]}],\"UnkwnownData\":\"\"},{\"Name\":\"P_IconGame\",\"Target\":0,\"Tags\":[{\"Unknown\":0,\"TagType\":\"FLPA\",\"Entries\":[{\"Index\":0,\"AnimationTarget\":8,\"DataType\":2,\"KeyFrames\":[{\"Frame\":0.0,\"Value\":275.0,\"Blend\":0.0},{\"Frame\":5.0,\"Value\":256.0,\"Blend\":0.0}],\"FLEUUnknownInt\":0,\"FLEUEntryName\":\"\"},{\"Index\":0,\"AnimationTarget\":9,\"DataType\":2,\"KeyFrames\":[{\"Frame\":0.0,\"Value\":275.0,\"Blend\":0.0},{\"Frame\":5.0,\"Value\":256.0,\"Blend\":0.0}],\"FLEUUnknownInt\":0,\"FLEUEntryName\":\"\"}]}],\"UnkwnownData\":\"\"},{\"Name\":\"P_BtnTouch\",\"Target\":0,\"Tags\":[{\"Unknown\":0,\"TagType\":\"FLPA\",\"Entries\":[{\"Index\":0,\"AnimationTarget\":8,\"DataType\":2,\"KeyFrames\":[{\"Frame\":0.0,\"Value\":275.0,\"Blend\":0.0},{\"Frame\":5.0,\"Value\":256.0,\"Blend\":0.0}],\"FLEUUnknownInt\":0,\"FLEUEntryName\":\"\"},{\"Index\":0,\"AnimationTarget\":9,\"DataType\":2,\"KeyFrames\":[{\"Frame\":0.0,\"Value\":275.0,\"Blend\":0.0},{\"Frame\":5.0,\"Value\":256.0,\"Blend\":0.0}],\"FLEUUnknownInt\":0,\"FLEUEntryName\":\"\"}]}],\"UnkwnownData\":\"\"},{\"Name\":\"N_Suspend\",\"Target\":0,\"Tags\":[{\"Unknown\":0,\"TagType\":\"FLPA\",\"Entries\":[{\"Index\":0,\"AnimationTarget\":1,\"DataType\":2,\"KeyFrames\":[{\"Frame\":0.0,\"Value\":-104.261795,\"Blend\":0.0},{\"Frame\":5.0,\"Value\":-94.99998,\"Blend\":0.0},{\"Frame\":100.0,\"Value\":-88.99998,\"Blend\":0.0},{\"Frame\":200.0,\"Value\":-94.99998,\"Blend\":0.0},{\"Frame\":300.0,\"Value\":-88.99998,\"Blend\":0.0},{\"Frame\":400.0,\"Value\":-94.99998,\"Blend\":0.0},{\"Frame\":500.0,\"Value\":-88.99998,\"Blend\":0.0},{\"Frame\":600.0,\"Value\":-94.99998,\"Blend\":0.0},{\"Frame\":700.0,\"Value\":-88.99998,\"Blend\":0.0},{\"Frame\":800.0,\"Value\":-94.99998,\"Blend\":0.0},{\"Frame\":900.0,\"Value\":-88.99998,\"Blend\":0.0},{\"Frame\":1000.0,\"Value\":-94.99998,\"Blend\":0.0},{\"Frame\":1100.0,\"Value\":-88.99998,\"Blend\":0.0},{\"Frame\":1200.0,\"Value\":-94.99998,\"Blend\":0.0},{\"Frame\":1300.0,\"Value\":-88.99998,\"Blend\":0.0},{\"Frame\":1400.0,\"Value\":-94.99998,\"Blend\":0.0},{\"Frame\":1500.0,\"Value\":-88.99998,\"Blend\":0.0},{\"Frame\":1600.0,\"Value\":-94.99998,\"Blend\":0.0},{\"Frame\":1700.0,\"Value\":-88.99998,\"Blend\":0.0},{\"Frame\":1800.0,\"Value\":-94.99998,\"Blend\":0.0},{\"Frame\":1900.0,\"Value\":-88.99998,\"Blend\":0.0},{\"Frame\":2000.0,\"Value\":-94.99998,\"Blend\":0.0},{\"Frame\":2100.0,\"Value\":-88.99998,\"Blend\":0.0},{\"Frame\":2200.0,\"Value\":-94.99998,\"Blend\":0.0},{\"Frame\":2300.0,\"Value\":-88.99998,\"Blend\":0.0},{\"Frame\":2400.0,\"Value\":-94.99998,\"Blend\":0.0},{\"Frame\":2500.0,\"Value\":-88.99998,\"Blend\":0.0},{\"Frame\":2600.0,\"Value\":-94.99998,\"Blend\":0.0},{\"Frame\":2700.0,\"Value\":-88.99998,\"Blend\":0.0},{\"Frame\":2800.0,\"Value\":-94.99998,\"Blend\":0.0},{\"Frame\":2900.0,\"Value\":-88.99998,\"Blend\":0.0},{\"Frame\":3000.0,\"Value\":-94.99998,\"Blend\":0.0},{\"Frame\":3100.0,\"Value\":-88.99998,\"Blend\":0.0},{\"Frame\":3200.0,\"Value\":-94.99998,\"Blend\":0.0},{\"Frame\":3300.0,\"Value\":-88.99998,\"Blend\":0.0},{\"Frame\":3400.0,\"Value\":-94.99998,\"Blend\":0.0},{\"Frame\":3500.0,\"Value\":-88.99998,\"Blend\":0.0},{\"Frame\":3600.0,\"Value\":-94.99998,\"Blend\":0.0},{\"Frame\":3700.0,\"Value\":-88.99998,\"Blend\":0.0},{\"Frame\":3800.0,\"Value\":-94.99998,\"Blend\":0.0},{\"Frame\":3900.0,\"Value\":-88.99998,\"Blend\":0.0},{\"Frame\":4000.0,\"Value\":-94.99998,\"Blend\":0.0}],\"FLEUUnknownInt\":0,\"FLEUEntryName\":\"\"}]}],\"UnkwnownData\":\"\"},{\"Name\":\"P_Blank\",\"Target\":0,\"Tags\":[{\"Unknown\":0,\"TagType\":\"FLPA\",\"Entries\":[{\"Index\":0,\"AnimationTarget\":8,\"DataType\":2,\"KeyFrames\":[{\"Frame\":0.0,\"Value\":275.0,\"Blend\":0.0},{\"Frame\":5.0,\"Value\":256.0,\"Blend\":0.0}],\"FLEUUnknownInt\":0,\"FLEUEntryName\":\"\"},{\"Index\":0,\"AnimationTarget\":9,\"DataType\":2,\"KeyFrames\":[{\"Frame\":0.0,\"Value\":275.0,\"Blend\":0.0},{\"Frame\":5.0,\"Value\":256.0,\"Blend\":0.0}],\"FLEUUnknownInt\":0,\"FLEUEntryName\":\"\"}]}],\"UnkwnownData\":\"\"},{\"Name\":\"P_BtnBase\",\"Target\":0,\"Tags\":[{\"Unknown\":0,\"TagType\":\"FLPA\",\"Entries\":[{\"Index\":0,\"AnimationTarget\":8,\"DataType\":2,\"KeyFrames\":[{\"Frame\":0.0,\"Value\":275.0,\"Blend\":0.0},{\"Frame\":5.0,\"Value\":256.0,\"Blend\":0.0}],\"FLEUUnknownInt\":0,\"FLEUEntryName\":\"\"},{\"Index\":0,\"AnimationTarget\":9,\"DataType\":2,\"KeyFrames\":[{\"Frame\":0.0,\"Value\":275.0,\"Blend\":0.0},{\"Frame\":5.0,\"Value\":256.0,\"Blend\":0.0}],\"FLEUUnknownInt\":0,\"FLEUEntryName\":\"\"}]}],\"UnkwnownData\":\"\"},{\"Name\":\"N_BtnFocusKey\",\"Target\":0,\"Tags\":[{\"Unknown\":0,\"TagType\":\"FLPA\",\"Entries\":[{\"Index\":0,\"AnimationTarget\":6,\"DataType\":2,\"KeyFrames\":[{\"Frame\":0.0,\"Value\":1.07421875,\"Blend\":0.0},{\"Frame\":5.0,\"Value\":1.0,\"Blend\":0.0}],\"FLEUUnknownInt\":0,\"FLEUEntryName\":\"\"},{\"Index\":0,\"AnimationTarget\":7,\"DataType\":2,\"KeyFrames\":[{\"Frame\":0.0,\"Value\":1.07421875,\"Blend\":0.0},{\"Frame\":5.0,\"Value\":1.0,\"Blend\":0.0}],\"FLEUUnknownInt\":0,\"FLEUEntryName\":\"\"}]}],\"UnkwnownData\":\"\"},{\"Name\":\"B_Hit\",\"Target\":0,\"Tags\":[{\"Unknown\":0,\"TagType\":\"FLPA\",\"Entries\":[{\"Index\":0,\"AnimationTarget\":8,\"DataType\":2,\"KeyFrames\":[{\"Frame\":0.0,\"Value\":275.0,\"Blend\":0.0},{\"Frame\":5.0,\"Value\":256.0,\"Blend\":0.0}],\"FLEUUnknownInt\":0,\"FLEUEntryName\":\"\"},{\"Index\":0,\"AnimationTarget\":9,\"DataType\":2,\"KeyFrames\":[{\"Frame\":0.0,\"Value\":275.0,\"Blend\":0.0},{\"Frame\":5.0,\"Value\":256.0,\"Blend\":0.0}],\"FLEUUnknownInt\":0,\"FLEUEntryName\":\"\"}]}],\"UnkwnownData\":\"\"}]}}"
		},
		{
			"FileName": "anim/RdtBtnPvr_Active.bflan",
			"AnimJson": "{\"LittleEndian\":true,\"Version\":134610944,\"pat1\":{\"AnimationOrder\":6,\"Name\":\"Active\",\"ChildBinding\":0,\"Groups\":[\"G_Active\"],\"Unk_StartOfFile\":0,\"Unk_EndOfFile\":0,\"Unk_EndOfHeader\":\"AS0B\"},\"pai1\":{\"FrameSize\":1,\"Flags\":0,\"Textures\":[],\"Entries\":[{\"Name\":\"N_ScaleDecide\",\"Target\":0,\"Tags\":[{\"Unknown\":0,\"TagType\":\"FLPA\",\"Entries\":[{\"Index\":0,\"AnimationTarget\":6,\"DataType\":2,\"KeyFrames\":[{\"Frame\":0.0,\"Value\":1.0,\"Blend\":0.08000004},{\"Frame\":1.0,\"Value\":1.116279,\"Blend\":0.0}],\"FLEUUnknownInt\":0,\"FLEUEntryName\":\"\"},{\"Index\":0,\"AnimationTarget\":7,\"DataType\":2,\"KeyFrames\":[{\"Frame\":0.0,\"Value\":1.0,\"Blend\":0.08000004},{\"Frame\":1.0,\"Value\":1.116279,\"Blend\":0.0}],\"FLEUUnknownInt\":0,\"FLEUEntryName\":\"\"}]}],\"UnkwnownData\":\"\"},{\"Name\":\"P_PictBase\",\"Target\":0,\"Tags\":[{\"Unknown\":0,\"TagType\":\"FLPA\",\"Entries\":[{\"Index\":0,\"AnimationTarget\":8,\"DataType\":2,\"KeyFrames\":[{\"Frame\":0.0,\"Value\":86.0,\"Blend\":10.0},{\"Frame\":1.0,\"Value\":96.0,\"Blend\":0.0}],\"FLEUUnknownInt\":0,\"FLEUEntryName\":\"\"},{\"Index\":0,\"AnimationTarget\":9,\"DataType\":2,\"KeyFrames\":[{\"Frame\":0.0,\"Value\":86.0,\"Blend\":10.0},{\"Frame\":1.0,\"Value\":96.0,\"Blend\":0.0}],\"FLEUUnknownInt\":0,\"FLEUEntryName\":\"\"}]}],\"UnkwnownData\":\"\"}]}}"
		},
		{
			"FileName": "anim/RdtBtnIconGame_Active.bflan",
			"AnimJson": "{\"LittleEndian\":true,\"Version\":134610944,\"pat1\":{\"AnimationOrder\":12,\"Name\":\"Active\",\"ChildBinding\":0,\"Groups\":[\"G_ActiveMigush\"],\"Unk_StartOfFile\":0,\"Unk_EndOfFile\":0,\"Unk_EndOfHeader\":\"ALUA\"},\"pai1\":{\"FrameSize\":200,\"Flags\":1,\"Textures\":[],\"Entries\":[{\"Name\":\"N_Root\",\"Target\":0,\"Tags\":[{\"Unknown\":0,\"TagType\":\"FLPA\",\"Entries\":[{\"Index\":0,\"AnimationTarget\":6,\"DataType\":2,\"KeyFrames\":[{\"Frame\":0.0,\"Value\":1.0,\"Blend\":0.0}],\"FLEUUnknownInt\":0,\"FLEUEntryName\":\"\"},{\"Index\":0,\"AnimationTarget\":7,\"DataType\":2,\"KeyFrames\":[{\"Frame\":0.0,\"Value\":1.0,\"Blend\":0.0}],\"FLEUUnknownInt\":0,\"FLEUEntryName\":\"\"}]},{\"Unknown\":0,\"TagType\":\"FLVC\",\"Entries\":[{\"Index\":0,\"AnimationTarget\":16,\"DataType\":2,\"KeyFrames\":[{\"Frame\":0.0,\"Value\":255.0,\"Blend\":0.0}],\"FLEUUnknownInt\":0,\"FLEUEntryName\":\"\"}]}],\"UnkwnownData\":\"\"},{\"Name\":\"P_InnerCursor\",\"Target\":0,\"Tags\":[{\"Unknown\":0,\"TagType\":\"FLVC\",\"Entries\":[{\"Index\":0,\"AnimationTarget\":16,\"DataType\":2,\"KeyFrames\":[{\"Frame\":0.0,\"Value\":0.0,\"Blend\":255.0},{\"Frame\":1.0,\"Value\":255.0,\"Blend\":0.0}],\"FLEUUnknownInt\":0,\"FLEUEntryName\":\"\"}]}],\"UnkwnownData\":\"\"},{\"Name\":\"P_IconGame\",\"Target\":0,\"Tags\":[{\"Unknown\":0,\"TagType\":\"FLPA\",\"Entries\":[{\"Index\":0,\"AnimationTarget\":8,\"DataType\":2,\"KeyFrames\":[{\"Frame\":3.0,\"Value\":290.0,\"Blend\":0.0},{\"Frame\":100.0,\"Value\":275.0,\"Blend\":0.0},{\"Frame\":200.0,\"Value\":290.0,\"Blend\":0.0}],\"FLEUUnknownInt\":0,\"FLEUEntryName\":\"\"},{\"Index\":0,\"AnimationTarget\":9,\"DataType\":2,\"KeyFrames\":[{\"Frame\":3.0,\"Value\":290.0,\"Blend\":0.0},{\"Frame\":100.0,\"Value\":275.0,\"Blend\":0.0},{\"Frame\":200.0,\"Value\":290.0,\"Blend\":0.0}],\"FLEUUnknownInt\":0,\"FLEUEntryName\":\"\"}]}],\"UnkwnownData\":\"\"},{\"Name\":\"P_BtnTouch\",\"Target\":0,\"Tags\":[{\"Unknown\":0,\"TagType\":\"FLPA\",\"Entries\":[{\"Index\":0,\"AnimationTarget\":8,\"DataType\":2,\"KeyFrames\":[{\"Frame\":3.0,\"Value\":290.0,\"Blend\":0.0},{\"Frame\":100.0,\"Value\":275.0,\"Blend\":0.0},{\"Frame\":200.0,\"Value\":290.0,\"Blend\":0.0}],\"FLEUUnknownInt\":0,\"FLEUEntryName\":\"\"},{\"Index\":0,\"AnimationTarget\":9,\"DataType\":2,\"KeyFrames\":[{\"Frame\":3.0,\"Value\":290.0,\"Blend\":0.0},{\"Frame\":100.0,\"Value\":275.0,\"Blend\":0.0},{\"Frame\":200.0,\"Value\":290.0,\"Blend\":0.0}],\"FLEUUnknownInt\":0,\"FLEUEntryName\":\"\"}]}],\"UnkwnownData\":\"\"},{\"Name\":\"N_Suspend\",\"Target\":0,\"Tags\":[{\"Unknown\":0,\"TagType\":\"FLPA\",\"Entries\":[{\"Index\":0,\"AnimationTarget\":1,\"DataType\":2,\"KeyFrames\":[{\"Frame\":3.0,\"Value\":-111.999977,\"Blend\":0.0},{\"Frame\":100.0,\"Value\":-104.261795,\"Blend\":0.0},{\"Frame\":200.0,\"Value\":-111.999977,\"Blend\":0.0}],\"FLEUUnknownInt\":0,\"FLEUEntryName\":\"\"}]}],\"UnkwnownData\":\"\"},{\"Name\":\"P_Blank\",\"Target\":0,\"Tags\":[{\"Unknown\":0,\"TagType\":\"FLPA\",\"Entries\":[{\"Index\":0,\"AnimationTarget\":8,\"DataType\":2,\"KeyFrames\":[{\"Frame\":3.0,\"Value\":290.0,\"Blend\":0.0},{\"Frame\":100.0,\"Value\":275.0,\"Blend\":0.0},{\"Frame\":200.0,\"Value\":290.0,\"Blend\":0.0}],\"FLEUUnknownInt\":0,\"FLEUEntryName\":\"\"},{\"Index\":0,\"AnimationTarget\":9,\"DataType\":2,\"KeyFrames\":[{\"Frame\":3.0,\"Value\":290.0,\"Blend\":0.0},{\"Frame\":100.0,\"Value\":275.0,\"Blend\":0.0},{\"Frame\":200.0,\"Value\":290.0,\"Blend\":0.0}],\"FLEUUnknownInt\":0,\"FLEUEntryName\":\"\"}]}],\"UnkwnownData\":\"\"},{\"Name\":\"P_BtnBase\",\"Target\":0,\"Tags\":[{\"Unknown\":0,\"TagType\":\"FLPA\",\"Entries\":[{\"Index\":0,\"AnimationTarget\":8,\"DataType\":2,\"KeyFrames\":[{\"Frame\":3.0,\"Value\":290.0,\"Blend\":0.0},{\"Frame\":100.0,\"Value\":275.0,\"Blend\":0.0},{\"Frame\":200.0,\"Value\":290.0,\"Blend\":0.0}],\"FLEUUnknownInt\":0,\"FLEUEntryName\":\"\"},{\"Index\":0,\"AnimationTarget\":9,\"DataType\":2,\"KeyFrames\":[{\"Frame\":3.0,\"Value\":290.0,\"Blend\":0.0},{\"Frame\":100.0,\"Value\":275.0,\"Blend\":0.0},{\"Frame\":200.0,\"Value\":290.0,\"Blend\":0.0}],\"FLEUUnknownInt\":0,\"FLEUEntryName\":\"\"}]}],\"UnkwnownData\":\"\"},{\"Name\":\"N_BtnFocusKey\",\"Target\":0,\"Tags\":[{\"Unknown\":0,\"TagType\":\"FLPA\",\"Entries\":[{\"Index\":0,\"AnimationTarget\":6,\"DataType\":2,\"KeyFrames\":[{\"Frame\":3.0,\"Value\":1.1328125,\"Blend\":0.0},{\"Frame\":100.0,\"Value\":1.07421875,\"Blend\":0.0},{\"Frame\":200.0,\"Value\":1.1328125,\"Blend\":0.0}],\"FLEUUnknownInt\":0,\"FLEUEntryName\":\"\"},{\"Index\":0,\"AnimationTarget\":7,\"DataType\":2,\"KeyFrames\":[{\"Frame\":3.0,\"Value\":1.1328125,\"Blend\":0.0},{\"Frame\":100.0,\"Value\":1.07421875,\"Blend\":0.0},{\"Frame\":200.0,\"Value\":1.1328125,\"Blend\":0.0}],\"FLEUUnknownInt\":0,\"FLEUEntryName\":\"\"}]}],\"UnkwnownData\":\"\"},{\"Name\":\"B_Hit\",\"Target\":0,\"Tags\":[{\"Unknown\":0,\"TagType\":\"FLPA\",\"Entries\":[{\"Index\":0,\"AnimationTarget\":8,\"DataType\":2,\"KeyFrames\":[{\"Frame\":3.0,\"Value\":290.0,\"Blend\":0.0},{\"Frame\":100.0,\"Value\":275.0,\"Blend\":0.0},{\"Frame\":200.0,\"Value\":290.0,\"Blend\":0.0}],\"FLEUUnknownInt\":0,\"FLEUEntryName\":\"\"},{\"Index\":0,\"AnimationTarget\":9,\"DataType\":2,\"KeyFrames\":[{\"Frame\":3.0,\"Value\":290.0,\"Blend\":0.0},{\"Frame\":100.0,\"Value\":275.0,\"Blend\":0.0},{\"Frame\":200.0,\"Value\":290.0,\"Blend\":0.0}],\"FLEUUnknownInt\":0,\"FLEUEntryName\":\"\"}]}],\"UnkwnownData\":\"\"}]}}"
		},
		{
			"FileName": "anim/RdtBase_Enter.bflan",
			"AnimJson": "{\"LittleEndian\":true,\"Version\":134610944,\"pat1\":{\"AnimationOrder\":0,\"Name\":\"Enter\",\"ChildBinding\":0,\"Groups\":[\"G_Root\"],\"Unk_StartOfFile\":0,\"Unk_EndOfFile\":0,\"Unk_EndOfHeader\":\"/wAA\"},\"pai1\":{\"FrameSize\":50,\"Flags\":0,\"Textures\":[],\"Entries\":[{\"Name\":\"N_Root\",\"Target\":0,\"Tags\":[{\"Unknown\":0,\"TagType\":\"FLPA\",\"Entries\":[{\"Index\":0,\"AnimationTarget\":6,\"DataType\":2,\"KeyFrames\":[{\"Frame\":20.0,\"Value\":0.97,\"Blend\":0.0},{\"Frame\":20.0,\"Value\":0.97,\"Blend\":0.0},{\"Frame\":20.0,\"Value\":0.97,\"Blend\":0.00352814537},{\"Frame\":27.0,\"Value\":0.9860025,\"Blend\":0.00188813149},{\"Frame\":50.0,\"Value\":1.0,\"Blend\":0.0}],\"FLEUUnknownInt\":0,\"FLEUEntryName\":\"\"},{\"Index\":0,\"AnimationTarget\":7,\"DataType\":2,\"KeyFrames\":[{\"Frame\":20.0,\"Value\":0.97,\"Blend\":0.0},{\"Frame\":20.0,\"Value\":0.97,\"Blend\":0.0},{\"Frame\":20.0,\"Value\":0.97,\"Blend\":0.00352814537},{\"Frame\":27.0,\"Value\":0.9860025,\"Blend\":0.00188813149},{\"Frame\":50.0,\"Value\":1.0,\"Blend\":0.0}],\"FLEUUnknownInt\":0,\"FLEUEntryName\":\"\"}]},{\"Unknown\":0,\"TagType\":\"FLVC\",\"Entries\":[{\"Index\":0,\"AnimationTarget\":16,\"DataType\":2,\"KeyFrames\":[{\"Frame\":20.0,\"Value\":0.0,\"Blend\":0.0},{\"Frame\":40.0,\"Value\":255.0,\"Blend\":0.0}],\"FLEUUnknownInt\":0,\"FLEUEntryName\":\"\"}]}],\"UnkwnownData\":\"\"},{\"Name\":\"L_BgNml\",\"Target\":0,\"Tags\":[{\"Unknown\":0,\"TagType\":\"FLVC\",\"Entries\":[{\"Index\":0,\"AnimationTarget\":16,\"DataType\":2,\"KeyFrames\":[{\"Frame\":0.0,\"Value\":255.0,\"Blend\":0.0},{\"Frame\":20.0,\"Value\":255.0,\"Blend\":0.0},{\"Frame\":40.0,\"Value\":255.0,\"Blend\":0.0}],\"FLEUUnknownInt\":0,\"FLEUEntryName\":\"\"}]}],\"UnkwnownData\":\"\"}]}}"
		},
		{
			"FileName": "anim/RdtBtnIconGame_BaseOut.bflan",
			"AnimJson": "{\"LittleEndian\":true,\"Version\":134610944,\"pat1\":{\"AnimationOrder\":3,\"Name\":\"BaseOut\",\"ChildBinding\":0,\"Groups\":[\"G_Base\"],\"Unk_StartOfFile\":0,\"Unk_EndOfFile\":0,\"Unk_EndOfHeader\":\"//b/\"},\"pai1\":{\"FrameSize\":10,\"Flags\":0,\"Textures\":[],\"Entries\":[{\"Name\":\"P_IconGame\",\"Target\":0,\"Tags\":[{\"Unknown\":0,\"TagType\":\"FLVC\",\"Entries\":[{\"Index\":0,\"AnimationTarget\":16,\"DataType\":2,\"KeyFrames\":[{\"Frame\":0.0,\"Value\":0.0,\"Blend\":25.5},{\"Frame\":10.0,\"Value\":255.0,\"Blend\":0.0}],\"FLEUUnknownInt\":0,\"FLEUEntryName\":\"\"}]}],\"UnkwnownData\":\"\"},{\"Name\":\"P_Blank\",\"Target\":0,\"Tags\":[{\"Unknown\":0,\"TagType\":\"FLVC\",\"Entries\":[{\"Index\":0,\"AnimationTarget\":16,\"DataType\":2,\"KeyFrames\":[{\"Frame\":0.0,\"Value\":255.0,\"Blend\":-25.5},{\"Frame\":10.0,\"Value\":0.0,\"Blend\":0.0}],\"FLEUUnknownInt\":0,\"FLEUEntryName\":\"\"}]}],\"UnkwnownData\":\"\"}]}}"
		},
		{
			"FileName": "anim/RdtBtnIconGame_FocusTouch.bflan",
			"AnimJson": "{\"LittleEndian\":true,\"Version\":134610944,\"pat1\":{\"AnimationOrder\":9,\"Name\":\"FocusTouch\",\"ChildBinding\":0,\"Groups\":[\"G_BtnTouch\"],\"Unk_StartOfFile\":0,\"Unk_EndOfFile\":0,\"Unk_EndOfHeader\":\"AGUA\"},\"pai1\":{\"FrameSize\":1,\"Flags\":0,\"Textures\":[],\"Entries\":[{\"Name\":\"P_BtnTouch\",\"Target\":0,\"Tags\":[{\"Unknown\":0,\"TagType\":\"FLVC\",\"Entries\":[{\"Index\":0,\"AnimationTarget\":16,\"DataType\":2,\"KeyFrames\":[{\"Frame\":0.0,\"Value\":0.0,\"Blend\":0.0},{\"Frame\":1.0,\"Value\":0.0,\"Blend\":0.0},{\"Frame\":1.0,\"Value\":32.0,\"Blend\":0.0}],\"FLEUUnknownInt\":0,\"FLEUEntryName\":\"\"}]}],\"UnkwnownData\":\"\"}]}}"
		}
	]
}
