{
	"Files": [
		{
			"FileName": "blyt/EntBtnResumeSystemApplet.bflyt",
			"Patches": [
				{
					"PaneName": "P_Circle_00",
					"Position": {
						"X": 999999,
						"Y": 999999,
						"Z": 0
					}
				},
				{
					"PaneName": "P_Circle_01",
					"Position": {
						"X": 999999,
						"Y": 999999,
						"Z": 0
					}
				},
				{
					"PaneName": "P_BtnDecideKey",
					"Visible": false
				},
				{
					"PaneName": "P_BtnTouch",
					"Visible": false
				},
				{
					"PaneName": "P_ImageEffect",
					"Visible": false
				},
				{
					"PaneName": "P_CircleEffect_00",
					"Visible": false
				},
				{
					"PaneName": "P_CircleEffect_01",
					"Visible": false
				}
			]
		}
	],
	"uuid": "505fb860-69bb-4cba-951e-701859811fd6"
}
