{
	"PatchName": "Right Aligned Rounded",
	"AuthorName": "M1ke",
	"HideOnlineBtn": false,
	"Files": [
		{
			"FileName": "blyt/RdtBtnCtrl.bflyt",
			"Patches": [
				{
					"PaneName": "N_Tip",
					"Position": {
						"Y": 72
					}
				},
				{
					"PaneName": "P_PictBase",
					"Visible": false,
					"UsdPatches": [
						{
							"PropName": "C_W",
							"PropValues": ["0", "0", "0", "0"],
							"type": 1
						}
					]
				},
				{
					"PaneName": "P_Form",
					"UsdPatches": [
						{
							"PropName": "C_W",
							"PropValues": ["0", "0", "0", "0"],
							"type": 1
						}
					]
				},
				{
					"PaneName": "P_Stick",
					"UsdPatches": [
						{
							"PropName": "C_W",
							"PropValues": ["0", "0", "0", "0"],
							"type": 1
						}
					]
				},
				{
					"PaneName": "P_Y",
					"UsdPatches": [
						{
							"PropName": "C_W",
							"PropValues": ["0", "0", "0", "0"],
							"type": 1
						}
					]
				},
				{
					"PaneName": "P_X",
					"UsdPatches": [
						{
							"PropName": "C_W",
							"PropValues": ["0", "0", "0", "0"],
							"type": 1
						}
					]
				},
				{
					"PaneName": "P_A",
					"UsdPatches": [
						{
							"PropName": "C_W",
							"PropValues": ["0", "0", "0", "0"],
							"type": 1
						}
					]
				},
				{
					"PaneName": "P_B",
					"UsdPatches": [
						{
							"PropName": "C_W",
							"PropValues": ["0", "0", "0", "0"],
							"type": 1
						}
					]
				}
			],
			"Materials": [
				{
					"MaterialName": "P_Form",
					"BackgroundColor": "FFFFFFFF"
				},
				{
					"MaterialName": "P_B",
					"BackgroundColor": "FFFFFFFF"
				},
				{
					"MaterialName": "P_A",
					"BackgroundColor": "FFFFFFFF"
				},
				{
					"MaterialName": "P_X",
					"BackgroundColor": "FFFFFFFF"
				},
				{
					"MaterialName": "P_Y",
					"BackgroundColor": "FFFFFFFF"
				},
				{
					"MaterialName": "P_Stick",
					"BackgroundColor": "FFFFFFFF"
				}
			]
		},
		{
			"FileName": "blyt/HudTime.bflyt",
			"Patches": [
				{
					"PaneName": "P_A",
					"UsdPatches": [
						{
							"PropName": "C_W",
							"PropValues": ["0", "0", "0", "0"],
							"type": 1
						}
					]
				},
				{
					"PaneName": "P_M",
					"UsdPatches": [
						{
							"PropName": "C_W",
							"PropValues": ["0", "0", "0", "0"],
							"type": 1
						}
					]
				},
				{
					"PaneName": "P_P",
					"UsdPatches": [
						{
							"PropName": "C_W",
							"PropValues": ["0", "0", "0", "0"],
							"type": 1
						}
					]
				},
				{
					"PaneName": "P_Colon",
					"UsdPatches": [
						{
							"PropName": "C_W",
							"PropValues": ["0", "0", "0", "0"],
							"type": 1
						}
					]
				},
				{
					"PaneName": "P_Dot",
					"UsdPatches": [
						{
							"PropName": "C_W",
							"PropValues": ["0", "0", "0", "0"],
							"type": 1
						}
					]
				},
				{
					"PaneName": "P_Comma",
					"UsdPatches": [
						{
							"PropName": "C_W",
							"PropValues": ["0", "0", "0", "0"],
							"type": 1
						}
					]
				}
			]
		},
		{
			"FileName": "blyt/RdtBalloonSystemApplet.bflyt",
			"Patches": [
				{
					"PaneName": "T_Main",
					"Scale": {
						"X": 0.9,
						"Y": 0.9
					},
					"UsdPatches": [
						{
							"PropName": "S_BorderSize",
							"PropValues": ["7"],
							"type": 2
						},
						{
							"PropName": "S_BorderColorSelect0",
							"PropValues": ["0"],
							"type": 1
						},
						{
							"PropName": "S_BorderColor0",
							"PropValues": ["0", "0", "0", "0"],
							"type": 2
						},
						{
							"PropName": "S_RoundRadius",
							"PropValues": ["0"],
							"type": 2
						},
						{
							"PropName": "S_DropShadowSize",
							"PropValues": ["0"],
							"type": 2
						},
						{
							"PropName": "C_W",
							"PropValues": ["0", "0", "0", "0"],
							"type": 1
						}
					],
					"ColorTR": "FFFFFFFF",
					"ColorBR": "FFFFFFFF"
				}
			]
		},
		{
			"FileName": "blyt/RdtBtnFullLauncher.bflyt",
			"Patches": [
				{
					"PaneName": "L_Balloon",
					"Visible": false
				},
				{
					"PaneName": "P_PictBase",
					"Visible": false,
					"UsdPatches": [
						{
							"PropName": "C_W",
							"PropValues": ["0", "0", "0", "0"],
							"type": 1
						}
					]
				},
				{
					"PaneName": "P_Pict_00",
					"UsdPatches": [
						{
							"PropName": "S_RoundRadius",
							"PropValues": ["160"],
							"type": 2
						},
						{
							"PropName": "C_W",
							"PropValues": ["0", "0", "0", "0"],
							"type": 1
						}
					]
				},
				{
					"PaneName": "P_Pict_01",
					"UsdPatches": [
						{
							"PropName": "C_W",
							"PropValues": ["0", "0", "0", "0"],
							"type": 1
						}
					]
				},
				{
					"PaneName": "P_Pict_02",
					"UsdPatches": [
						{
							"PropName": "C_W",
							"PropValues": ["0", "0", "0", "0"],
							"type": 1
						}
					]
				},
				{
					"PaneName": "P_Pict_03",
					"UsdPatches": [
						{
							"PropName": "S_RoundRadius",
							"PropValues": ["160"],
							"type": 2
						},
						{
							"PropName": "C_W",
							"PropValues": ["0", "0", "0", "0"],
							"type": 1
						}
					]
				}
			]
		},
		{
			"FileName": "blyt/Cursor3.bflyt",
			"Patches": [
				{
					"PaneName": "P_Main",
					"UsdPatches": [
						{
							"PropName": "S_BorderSize",
							"PropValues": ["7"],
							"type": 2
						},
						{
							"PropName": "S_BorderColorSelect0",
							"PropValues": ["0"],
							"type": 1
						},
						{
							"PropName": "S_RoundRadius",
							"PropValues": ["40"],
							"type": 2
						},
						{
							"PropName": "S_DropShadowColorSelect",
							"PropValues": ["0"],
							"type": 1
						},
						{
							"PropName": "C_B",
							"PropValues": ["0", "0", "0", "0"],
							"type": 1
						},
						{
							"PropName": "C_W",
							"PropValues": ["0", "0", "0", "0"],
							"type": 1
						}
					]
				},
				{
					"PaneName": "P_Grow",
					"UsdPatches": [
						{
							"PropName": "S_BorderSize",
							"PropValues": ["7"],
							"type": 2
						},
						{
							"PropName": "S_BorderColorSelect0",
							"PropValues": ["0"],
							"type": 1
						},
						{
							"PropName": "S_RoundRadius",
							"PropValues": ["40"],
							"type": 2
						},
						{
							"PropName": "S_DropShadowColorSelect",
							"PropValues": ["0"],
							"type": 1
						},
						{
							"PropName": "C_B",
							"PropValues": ["0", "0", "0", "0"],
							"type": 1
						},
						{
							"PropName": "C_W",
							"PropValues": ["0", "0", "0", "0"],
							"type": 1
						}
					]
				}
			],
			"Materials": [
				{
					"MaterialName": "P_Main",
					"ForegroundColor": "00E6A014",
					"BackgroundColor": "FFFFD500"
				},
				{
					"MaterialName": "P_Grow",
					"ForegroundColor": "00C88C14",
					"BackgroundColor": "FFE6B400"
				}
			]
		},
		{
			"FileName": "blyt/RdtBtnSet.bflyt",
			"Patches": [
				{
					"PaneName": "N_Tip",
					"Position": {
						"Y": 72
					}
				},
				{
					"PaneName": "P_PictBase",
					"Visible": false,
					"UsdPatches": [
						{
							"PropName": "C_W",
							"PropValues": ["0", "0", "0", "0"],
							"type": 1
						}
					]
				},
				{
					"PaneName": "P_Pict",
					"UsdPatches": [
						{
							"PropName": "C_W",
							"PropValues": ["0", "0", "0", "0"],
							"type": 1
						}
					]
				}
			],
			"Materials": [
				{
					"MaterialName": "P_Pict",
					"BackgroundColor": "FFFFFFFF"
				}
			]
		},
		{
			"FileName": "blyt/RdtBtnPvr.bflyt",
			"Patches": [
				{
					"PaneName": "N_Tip",
					"Position": {
						"Y": 72
					}
				},
				{
					"PaneName": "P_PictBase",
					"Visible": false,
					"UsdPatches": [
						{
							"PropName": "C_W",
							"PropValues": ["0", "0", "0", "0"],
							"type": 1
						}
					]
				},
				{
					"PaneName": "P_Effect",
					"UsdPatches": [
						{
							"PropName": "C_W",
							"PropValues": ["0", "0", "0", "0"],
							"type": 1
						}
					]
				},
				{
					"PaneName": "P_PictMask",
					"UsdPatches": [
						{
							"PropName": "C_W",
							"PropValues": ["0", "0", "0", "0"],
							"type": 1
						}
					]
				},
				{
					"PaneName": "P_Color",
					"UsdPatches": [
						{
							"PropName": "C_W",
							"PropValues": ["0", "0", "0", "0"],
							"type": 1
						}
					]
				},
				{
					"PaneName": "P_Pict_00",
					"UsdPatches": [
						{
							"PropName": "C_W",
							"PropValues": ["0", "0", "0", "0"],
							"type": 1
						}
					]
				}
			],
			"Materials": [
				{
					"MaterialName": "P_Pict_00",
					"BackgroundColor": "FFFFFFFF"
				},
				{
					"MaterialName": "P_Pict_01",
					"BackgroundColor": "FFFFFFFF"
				}
			]
		},
		{
			"FileName": "blyt/RdtBtnMyPage.bflyt",
			"Patches": [
				{
					"PaneName": "N_Tip",
					"Position": {
						"Y": -50
					}
				},
				{
					"PaneName": "L_Balloon",
					"Scale": {
						"X": 0.9,
						"Y": 0.9
					}
				}
			]
		},
		{
			"FileName": "blyt/RdtBtnIconGame.bflyt",
			"Patches": [
				{
					"PaneName": "RootPane",
					"Scale": {
						"X": 0.5,
						"Y": 0.5
					}
				},
				{
					"PaneName": "N_Tip",
					"Position": {
						"Y": 143
					}
				},
				{
					"PaneName": "B_Hit",
					"Scale": {
						"X": 2,
						"Y": 2
					},
					"Size": {
						"X": 132,
						"Y": 132
					}
				},
				{
					"PaneName": "P_IconGame",
					"UsdPatches": [
						{
							"PropName": "S_RoundRadius",
							"PropValues": ["1109393408"],
							"type": 1
						}
					]
				},
				{
					"PaneName": "P_Blank",
					"UsdPatches": [
						{
							"PropName": "S_RoundRadius",
							"PropValues": ["1109393408"],
							"type": 1
						}
					]
				},
				{
					"PaneName": "P_BtnDecideKey",
					"UsdPatches": [
						{
							"PropName": "S_RoundRadius",
							"PropValues": ["1109393408"],
							"type": 1
						}
					]
				},
				{
					"PaneName": "P_BtnTouch",
					"UsdPatches": [
						{
							"PropName": "S_RoundRadius",
							"PropValues": ["1109393408"],
							"type": 1
						}
					]
				},
				{
					"PaneName": "P_InnerCursor",
					"Visible": false,
					"UsdPatches": [
						{
							"PropName": "S_RoundRadius",
							"PropValues": ["10"],
							"type": 2
						}
					]
				},
				{
					"PaneName": "N_BtnFocusKey",
					"Size": {
						"X": 259,
						"Y": 259
					}
				}
			]
		},
		{
			"FileName": "blyt/GTNumL.bflyt",
			"Patches": [
				{
					"PaneName": "P_GTNum_00",
					"UsdPatches": [
						{
							"PropName": "C_W",
							"PropValues": ["0", "0", "0", "0"],
							"type": 1
						}
					]
				}
			]
		},
		{
			"FileName": "blyt/RdtBase.bflyt",
			"Patches": [
				{
					"PaneName": "L_BgNml",
					"Size": {
						"X": 1400,
						"Y": 720
					}
				},
				{
					"PaneName": "N_ScrollArea",
					"Position": {
						"X": -3,
						"Y": 4
					},
					"Size": {
						"X": 1280,
						"Y": 720
					}
				},
				{
					"PaneName": "N_ScrollWindow",
					"Size": {
						"X": 740,
						"Y": 565
					}
				},
				{
					"PaneName": "N_GameRoot",
					"Position": {
						"X": -70,
						"Y": 50
					},
					"Scale": {
						"X": 1.19999993,
						"Y": 1.19999993
					}
				},
				{
					"PaneName": "N_System",
					"Position": {
						"X": 325,
						"Y": -310
					},
					"Scale": {
						"X": 0.7,
						"Y": 0.7
					}
				},
				{
					"PaneName": "L_ChildLock",
					"Visible": false
				},
				{
					"PaneName": "N_Balloon",
					"Position": {
						"Y": 2
					},
					"Size": {
						"X": 1400,
						"Y": 720
					}
				},
				{
					"PaneName": "N_MyPage",
					"Position": {
						"X": 590,
						"Y": 310
					},
					"Scale": {
						"X": 0.799999952,
						"Y": 0.799999952
					},
					"Size": {
						"X": 80,
						"Y": 80
					}
				},
				{
					"PaneName": "L_Hud",
					"Position": {
						"X": 177,
						"Y": 310
					}
				},
				{
					"PaneName": "L_BtnNoti",
					"Position": {
						"Y": -500
					},
					"Visible": false
				},
				{
					"PaneName": "L_BtnShop",
					"Position": {
						"Y": -400
					},
					"Visible": false
				},
				{
					"PaneName": "L_BtnPvr",
					"Position": {
						"X": -3
					}
				},
				{
					"PaneName": "L_BtnCtrl",
					"Position": {
						"X": 122
					}
				},
				{
					"PaneName": "L_BtnSet",
					"Position": {
						"X": 246
					}
				},
				{
					"PaneName": "L_BtnPow",
					"Position": {
						"X": 370
					}
				},
				{
					"PaneName": "L_BtnAccount_00",
					"Position": {}
				},
				{
					"PaneName": "L_BtnAccount_01",
					"Position": {
						"X": -70
					}
				},
				{
					"PaneName": "L_BtnAccount_02",
					"Position": {
						"X": -140
					}
				},
				{
					"PaneName": "L_BtnAccount_03",
					"Position": {
						"X": -210
					}
				},
				{
					"PaneName": "L_BtnAccount_04",
					"Position": {
						"X": -280
					}
				},
				{
					"PaneName": "L_BtnAccount_05",
					"Position": {
						"X": -350
					}
				},
				{
					"PaneName": "L_BtnAccount_06",
					"Position": {
						"X": -420
					}
				},
				{
					"PaneName": "L_BtnAccount_07",
					"Position": {
						"X": -490
					}
				},
				{
					"PaneName": "N_Icon_00",
					"Position": {
						"X": 67,
						"Y": 111,
						"Z": 130
					},
					"Scale": {
						"X": 0.5,
						"Y": 0.5
					}
				},
				{
					"PaneName": "N_Icon_01",
					"Position": {
						"X": 214,
						"Y": 110,
						"Z": 130
					},
					"Scale": {
						"X": 0.5,
						"Y": 0.5
					}
				},
				{
					"PaneName": "N_Icon_02",
					"Position": {
						"X": 360,
						"Y": 110,
						"Z": 130
					},
					"Scale": {
						"X": 0.5,
						"Y": 0.5
					}
				},
				{
					"PaneName": "N_Icon_03",
					"Position": {
						"X": 505,
						"Y": 110,
						"Z": 130
					},
					"Scale": {
						"X": 0.5,
						"Y": 0.5
					}
				},
				{
					"PaneName": "N_Icon_04",
					"Position": {
						"X": 67,
						"Y": -34,
						"Z": 130
					},
					"Scale": {
						"X": 0.5,
						"Y": 0.5
					}
				},
				{
					"PaneName": "N_Icon_05",
					"Position": {
						"X": 214,
						"Y": -34,
						"Z": 130
					},
					"Scale": {
						"X": 0.5,
						"Y": 0.5
					}
				},
				{
					"PaneName": "N_Icon_06",
					"Position": {
						"X": 360,
						"Y": -35,
						"Z": -55
					},
					"Scale": {
						"X": 0.5,
						"Y": 0.5
					}
				},
				{
					"PaneName": "N_Icon_07",
					"Position": {
						"X": 505,
						"Y": -35,
						"Z": -55
					},
					"Scale": {
						"X": 0.5,
						"Y": 0.5
					}
				},
				{
					"PaneName": "N_Icon_08",
					"Position": {
						"X": 67,
						"Y": -179,
						"Z": -55
					},
					"Scale": {
						"X": 0.5,
						"Y": 0.5
					}
				},
				{
					"PaneName": "N_Icon_09",
					"Position": {
						"X": 214,
						"Y": -180,
						"Z": -55
					},
					"Scale": {
						"X": 0.5,
						"Y": 0.5
					}
				},
				{
					"PaneName": "N_Icon_10",
					"Position": {
						"X": 360,
						"Y": -180,
						"Z": -55
					},
					"Scale": {
						"X": 0.5,
						"Y": 0.5
					}
				},
				{
					"PaneName": "N_Icon_11",
					"Position": {
						"X": 505,
						"Y": -180,
						"Z": -55
					},
					"Scale": {
						"X": 0.5,
						"Y": 0.5
					}
				},
				{
					"PaneName": "N_Icon_12",
					"Position": {
						"X": 230,
						"Y": -300
					},
					"Scale": {
						"X": 0.399999976,
						"Y": 0.399999976
					}
				},
				{
					"PaneName": "L_BtnChangeUser",
					"Position": {
						"Y": -148
					}
				},
				{
					"PaneName": "L_BtnFlc",
					"Position": {}
				}
			]
		},
		{
			"FileName": "blyt/HudBatteryNum.bflyt",
			"Patches": [
				{
					"PaneName": "P_Per",
					"UsdPatches": [
						{
							"PropName": "C_W",
							"PropValues": ["0", "0", "0", "0"],
							"type": 1
						}
					]
				},
				{
					"PaneName": "L_GTNum_00",
					"UsdPatches": [
						{
							"PropName": "C_W",
							"PropValues": ["0", "0", "0", "0"],
							"type": 1
						}
					]
				},
				{
					"PaneName": "L_GTNum_01",
					"UsdPatches": [
						{
							"PropName": "C_W",
							"PropValues": ["0", "0", "0", "0"],
							"type": 1
						}
					]
				},
				{
					"PaneName": "L_GTNum_02",
					"UsdPatches": [
						{
							"PropName": "C_W",
							"PropValues": ["0", "0", "0", "0"],
							"type": 1
						}
					]
				}
			],
			"Materials": [
				{
					"MaterialName": "P_Per",
					"BackgroundColor": "FFFFFFFF"
				},
				{
					"MaterialName": "P_GTNum_00",
					"BackgroundColor": "FFFFFFFF"
				},
				{
					"MaterialName": "P_GTNum_00",
					"BackgroundColor": "FFFFFFFF"
				},
				{
					"MaterialName": "P_GTNum_00",
					"BackgroundColor": "FFFFFFFF"
				}
			]
		},
		{
			"FileName": "blyt/GTNumM.bflyt",
			"Patches": [
				{
					"PaneName": "P_GTNum_00",
					"UsdPatches": [
						{
							"PropName": "C_W",
							"PropValues": ["0", "0", "0", "0"],
							"type": 1
						}
					]
				}
			]
		},
		{
			"FileName": "blyt/HudSignal.bflyt",
			"Patches": [
				{
					"PaneName": "P_Plane",
					"UsdPatches": [
						{
							"PropName": "C_W",
							"PropValues": ["0", "0", "0", "0"],
							"type": 1
						}
					]
				},
				{
					"PaneName": "P_Wifi",
					"UsdPatches": [
						{
							"PropName": "C_W",
							"PropValues": ["0", "0", "0", "0"],
							"type": 1
						}
					]
				},
				{
					"PaneName": "P_Local",
					"UsdPatches": [
						{
							"PropName": "C_W",
							"PropValues": ["0", "0", "0", "0"],
							"type": 1
						}
					]
				},
				{
					"PaneName": "P_WireLine",
					"UsdPatches": [
						{
							"PropName": "C_W",
							"PropValues": ["0", "0", "0", "0"],
							"type": 1
						}
					]
				}
			]
		},
		{
			"FileName": "blyt/RdtBalloon.bflyt",
			"Patches": [
				{
					"PaneName": "P_Card",
					"UsdPatches": [
						{
							"PropName": "C_W",
							"PropValues": ["0", "0", "0", "0"],
							"type": 1
						}
					]
				},
				{
					"PaneName": "P_Color",
					"UsdPatches": [
						{
							"PropName": "C_W",
							"PropValues": ["0", "0", "0", "0"],
							"type": 1
						}
					]
				},
				{
					"PaneName": "T_Main",
					"ColorTR": "FFFFFFFF",
					"ColorBR": "FFFFFFFF"
				},
				{
					"PaneName": "T_Sub",
					"ColorTR": "FFFFFFFF",
					"ColorBR": "FFFFFFFF"
				}
			]
		},
		{
			"FileName": "blyt/Hud.bflyt",
			"Patches": [
				{
					"PaneName": "N_Root",
					"Position": {
						"X": 40
					}
				}
			],
			"AddGroups": [
				{
					"GroupName": "G_BatteryNumCustom",
					"Panes": ["N_BatteryNum"]
				},
				{
					"GroupName": "G_BatteryNumCustom",
					"Panes": ["N_BatteryNum"]
				},
				{
					"GroupName": "G_BatteryNumCustom",
					"Panes": ["N_BatteryNum"]
				},
				{
					"GroupName": "G_BatteryNumCustom",
					"Panes": ["N_BatteryNum"]
				}
			]
		},
		{
			"FileName": "blyt/RdtBtnPow.bflyt",
			"Patches": [
				{
					"PaneName": "N_Tip",
					"Position": {
						"Y": 72
					}
				},
				{
					"PaneName": "P_PictBase",
					"Visible": false,
					"UsdPatches": [
						{
							"PropName": "C_W",
							"PropValues": ["0", "0", "0", "0"],
							"type": 1
						}
					]
				},
				{
					"PaneName": "P_Pict_00",
					"UsdPatches": [
						{
							"PropName": "C_W",
							"PropValues": ["0", "0", "0", "0"],
							"type": 1
						}
					]
				},
				{
					"PaneName": "P_Pict_01",
					"UsdPatches": [
						{
							"PropName": "C_W",
							"PropValues": ["0", "0", "0", "0"],
							"type": 1
						}
					]
				}
			],
			"Materials": [
				{
					"MaterialName": "P_Pict_00",
					"BackgroundColor": "FFFFFFFF"
				},
				{
					"MaterialName": "P_Pict_01",
					"BackgroundColor": "FFFFFFFF"
				}
			]
		},
		{
			"FileName": "blyt/BatteryConsole.bflyt",
			"Patches": [
				{
					"PaneName": "P_Ico00",
					"UsdPatches": [
						{
							"PropName": "C_W",
							"PropValues": ["0", "0", "0", "0"],
							"type": 1
						}
					]
				},
				{
					"PaneName": "P_Per",
					"UsdPatches": [
						{
							"PropName": "C_W",
							"PropValues": ["0", "0", "0", "0"],
							"type": 1
						}
					]
				},
				{
					"PaneName": "P_BatBase",
					"Visible": false
				},
				{
					"PaneName": "P_Charge",
					"UsdPatches": [
						{
							"PropName": "C_W",
							"PropValues": ["0", "0", "0", "0"],
							"type": 1
						}
					]
				},
				{
					"PaneName": "P_Error",
					"UsdPatches": [
						{
							"PropName": "C_W",
							"PropValues": ["0", "0", "0", "0"],
							"type": 1
						}
					]
				},
				{
					"PaneName": "P_GaugeNml",
					"UsdPatches": [
						{
							"PropName": "C_W",
							"PropValues": ["0", "0", "0", "0"],
							"type": 1
						}
					]
				},
				{
					"PaneName": "P_GaugeOther",
					"ColorTL": "FF33CC00",
					"ColorTR": "FF33CC00",
					"ColorBL": "FF33CC00",
					"ColorBR": "FF33CC00"
				}
			]
		}
	],
	"Anims": [
		{
			"FileName": "anim/Hud_BatteryNum.bflan",
			"AnimJson": "{\"LittleEndian\":true,\"Version\":150994944,\"pat1\":{\"AnimationOrder\":3,\"Name\":\"BatteryNum\",\"ChildBinding\":10,\"Groups\":[\"G_BatteryNumCustom\"],\"Unk_StartOfFile\":0,\"Unk_EndOfFile\":0,\"Unk_EndOfHeader\":\"AA0AAAAAAA==\"},\"pai1\":{\"FrameSize\":3,\"Flags\":0,\"Textures\":[],\"Entries\":[{\"Name\":\"N_BatteryNum\",\"Target\":0,\"Tags\":[{\"Unknown\":0,\"TagType\":\"FLPA\",\"Entries\":[{\"Index\":0,\"AnimationTarget\":8,\"DataType\":2,\"KeyFrames\":[{\"Frame\":0.0,\"Value\":64.0,\"Blend\":0.0},{\"Frame\":1.0,\"Value\":64.0,\"Blend\":0.0},{\"Frame\":1.0,\"Value\":64.0,\"Blend\":0.0},{\"Frame\":2.0,\"Value\":64.0,\"Blend\":0.0},{\"Frame\":2.0,\"Value\":64.0,\"Blend\":0.0},{\"Frame\":3.0,\"Value\":64.0,\"Blend\":0.0},{\"Frame\":3.0,\"Value\":64.0,\"Blend\":0.0}],\"FLEUUnknownInt\":0,\"FLEUEntryName\":\"\"}]}],\"UnkwnownData\":\"\"}]}}"
		},
		{
			"FileName": "anim/RdtBase_SystemAppletPos.bflan",
			"AnimJson": "{\"LittleEndian\":true,\"Version\":150994944,\"pat1\":{\"AnimationOrder\":6,\"Name\":\"SystemAppletPos\",\"ChildBinding\":190,\"Groups\":[\"G_System\"],\"Unk_StartOfFile\":0,\"Unk_EndOfFile\":0,\"Unk_EndOfHeader\":\"AL8AAAAAAA==\"},\"pai1\":{\"FrameSize\":1,\"Flags\":0,\"Textures\":[],\"Entries\":[]}}"
		}
	]
}
