{
	"PatchName": "Two Row Layout (Compact)",
	"AuthorName": "xFlesk",
	"TargetName": "ResidentMenu.szs",
	"Files": [
		{
			"FileName": "blyt/RdtBtnCtrl.bflyt",
			"Patches": [
				{
					"PaneName": "P_PictBase",
					"Visible": false
				},
				{
					"PaneName": "L_Balloon",
					"Visible": false
				}
			]
		},
		{
			"FileName": "blyt/RdtBtnFullLauncher.bflyt",
			"Patches": [
				{
					"PaneName": "P_PictBase",
					"Visible": false
				},
				{
					"PaneName": "L_Balloon",
					"Visible": false
				}
			]
		},
		{
			"FileName": "blyt/RdtBtnSet.bflyt",
			"Patches": [
				{
					"PaneName": "P_PictBase",
					"Visible": false
				},
				{
					"PaneName": "L_Balloon",
					"Visible": false
				}
			]
		},
		{
			"FileName": "blyt/RdtBtnPvr.bflyt",
			"Patches": [
				{
					"PaneName": "P_PictBase",
					"Visible": false
				},
				{
					"PaneName": "L_Balloon",
					"Visible": false
				}
			]
		},
		{
			"FileName": "blyt/RdtBtnIconGame.bflyt",
			"Patches": [
				{
					"PaneName": "L_Balloon",
					"Visible": false
				},
				{
					"PaneName": "RootPane",
					"Scale": {
						"X": 0.7,
						"Y": 0.7
					}
				}
			]
		},
		{
			"FileName": "blyt/RdtBase.bflyt",
			"Patches": [
				{
					"PaneName": "N_ScrollArea",
					"Size": {
						"X": 1210,
						"Y": 565
					}
				},
				{
					"PaneName": "N_ScrollWindow",
					"Size": {
						"X": 740,
						"Y": 565
					}
				},
				{
					"PaneName": "N_GameRoot",
					"Position": {
						"X": 2,
						"Y": 50,
						"Z": 0
					}
				},
				{
					"PaneName": "N_Game",
					"Scale": {
						"X": 1.03,
						"Y": 1.03
					}
				},
				{
					"PaneName": "N_Icon_00",
					"Position": {
						"X": -465,
						"Y": 130,
						"Z": 130
					}
				},
				{
					"PaneName": "N_Icon_01",
					"Position": {
						"X": -280,
						"Y": 130,
						"Z": 130
					}
				},
				{
					"PaneName": "N_Icon_02",
					"Position": {
						"X": -95,
						"Y": 130,
						"Z": 130
					}
				},
				{
					"PaneName": "N_Icon_03",
					"Position": {
						"X": 90,
						"Y": 130,
						"Z": 130
					}
				},
				{
					"PaneName": "N_Icon_04",
					"Position": {
						"X": 275,
						"Y": 130,
						"Z": 130
					}
				},
				{
					"PaneName": "N_Icon_05",
					"Position": {
						"X": 460,
						"Y": 130,
						"Z": 130
					}
				},
				{
					"PaneName": "N_Icon_06",
					"Position": {
						"X": -465,
						"Y": -55,
						"Z": -55
					}
				},
				{
					"PaneName": "N_Icon_07",
					"Position": {
						"X": -280,
						"Y": -55,
						"Z": -55
					}
				},
				{
					"PaneName": "N_Icon_08",
					"Position": {
						"X": -95,
						"Y": -55,
						"Z": -55
					}
				},
				{
					"PaneName": "N_Icon_09",
					"Position": {
						"X": 90,
						"Y": -55,
						"Z": -55
					}
				},
				{
					"PaneName": "N_Icon_10",
					"Position": {
						"X": 275,
						"Y": -55,
						"Z": -55
					}
				},
				{
					"PaneName": "N_Icon_11",
					"Position": {
						"X": 460,
						"Y": -55,
						"Z": -55
					}
				},
				{
					"PaneName": "N_Icon_12",
					"Position": {
						"X": -6,
						"Y": -274,
						"Z": 0
					},
					"Scale": {
						"X": 0.5,
						"Y": 0.5
					}
				},
				{
					"PaneName": "L_BtnChangeUser",
					"Visible": false
				},
				{
					"PaneName": "L_BtnFlc",
					"Position": {
						"X": 0,
						"Y": 0,
						"Z": 0
					}
				},
				{
					"PaneName": "N_System",
					"Position": {
						"X": -191,
						"Y": -232,
						"Z": 0
					},
					"Scale": {
						"X": 0.7,
						"Y": 0.7
					}
				},
				{
					"PaneName": "L_BtnNoti",
					"Position": {
						"X": 0,
						"Y": -500,
						"Z": 0
					},
					"Visible": false
				},
				{
					"PaneName": "L_BtnShop",
					"Position": {
						"X": 0,
						"Y": -400,
						"Z": 0
					},
					"Visible": false
				},
				{
					"PaneName": "L_BtnPvr",
					"Position": {
						"X": -3,
						"Y": 0,
						"Z": 0
					}
				},
				{
					"PaneName": "L_BtnCtrl",
					"Position": {
						"X": 122,
						"Y": 0,
						"Z": 0
					}
				},
				{
					"PaneName": "L_BtnSet",
					"Position": {
						"X": 412,
						"Y": 0,
						"Z": 0
					}
				},
				{
					"PaneName": "L_BtnPow",
					"Position": {
						"X": 537,
						"Y": 0,
						"Z": 0
					}
				},
				{
					"PaneName": "L_ChildLock",
					"Visible": false
				},
				{
					"PaneName": "N_MyPage",
					"Visible": false
				},
				{
					"PaneName": "L_Hud",
					"Position": {
						"X": -220,
						"Y": -325,
						"Z": 0
					}
				}
			]
		},
		{
			"FileName": "blyt/RdtBtnMyPage.bflyt",
			"Patches": [
				{
					"PaneName": "L_Balloon",
					"Visible": false
				}
			]
		},
		{
			"FileName": "blyt/RdtBtnPow.bflyt",
			"Patches": [
				{
					"PaneName": "P_PictBase",
					"Visible": false
				},
				{
					"PaneName": "L_Balloon",
					"Visible": false
				}
			]
		}
	]
}
