{
	"PatchName": "DogeLayout - M-Edition",
	"AuthorName": "Migush",
	"TargetName": "ResidentMenu.szs",
	"Files": [
		{
			"FileName": "blyt/BgNml.bflyt",
			"Patches": [
				{
					"PaneName": "P_Bg_00",
					"ColorTL": "E1FFFFFF",
					"ColorTR": "E1FFFFFF",
					"ColorBL": "E1FFFFFF",
					"ColorBR": "E1FFFFFF",
					"Position": {
						"X": 0,
						"Y": -245,
						"Z": 0
					},
					"Size": {
						"X": 1280,
						"Y": 250
					},
					"UsdPatches": [
						{
							"PropName": "C_W",
							"PropValues": ["31", "2", "0", "0"],
							"type": 1
						}
					]
				}
			]
		},
		{
			"FileName": "blyt/RdtBtnCtrl.bflyt",
			"Patches": [
				{
					"PaneName": "L_Balloon",
					"Position": {
						"X": -180,
						"Y": 72,
						"Z": 0
					}
				}
			]
		},
		{
			"FileName": "blyt/HudTime.bflyt",
			"Patches": [
				{
					"PaneName": "N_AMPM",
					"Position": {
						"X": 8,
						"Y": -1.6,
						"Z": 0
					},
					"Scale": {
						"X": 0.8,
						"Y": 0.8
					}
				}
			],
			"AddGroups": [
				{
					"GroupName": "G_TimeFormatMigush",
					"Panes": ["N_AMPM", "N_Root"]
				}
			]
		},
		{
			"FileName": "blyt/RdtBalloonSystemApplet.bflyt",
			"Patches": [
				{
					"PaneName": "N_Root",
					"Visible": false
				},
				{
					"PaneName": "T_Main",
					"UsdPatches": [
						{
							"PropName": "C_W",
							"PropValues": ["9", "0", "0", "0"],
							"type": 1
						}
					]
				}
			]
		},
		{
			"FileName": "blyt/RdtBtnFullLauncher.bflyt",
			"Patches": [
				{
					"PaneName": "N_Tip",
					"Scale": {
						"X": 1.2,
						"Y": 1.2
					}
				},
				{
					"PaneName": "L_Balloon"
				},
				{
					"PaneName": "B_Hit",
					"Size": {
						"X": 80,
						"Y": 80
					}
				}
			]
		},
		{
			"FileName": "blyt/Cursor3.bflyt",
			"Patches": [
				{
					"PaneName": "P_Main",
					"UsdPatches": [
						{
							"PropName": "S_BorderSize",
							"PropValues": ["7"],
							"type": 2
						},
						{
							"PropName": "S_DropShadowDistance",
							"PropValues": ["1.0"],
							"type": 2
						}
					]
				},
				{
					"PaneName": "P_Grow",
					"UsdPatches": [
						{
							"PropName": "S_BorderSize",
							"PropValues": ["7"],
							"type": 2
						}
					]
				}
			]
		},
		{
			"FileName": "blyt/RdtBtnSet.bflyt",
			"Patches": [
				{
					"PaneName": "L_Balloon",
					"Position": {
						"X": -280,
						"Y": 72,
						"Z": 0
					}
				}
			]
		},
		{
			"FileName": "blyt/RdtBtnPvr.bflyt",
			"Patches": [
				{
					"PaneName": "L_Balloon",
					"Position": {
						"X": -280,
						"Y": 72,
						"Z": 0
					}
				}
			]
		},
		{
			"FileName": "blyt/RdtBtnMyPage.bflyt",
			"Patches": [
				{
					"PaneName": "N_BtnFocusKey",
					"Size": {
						"X": 91.4286,
						"Y": 91.4286
					}
				},
				{
					"PaneName": "UF_Cursor",
					"Scale": {
						"X": 0.7,
						"Y": 0.7
					}
				},
				{
					"PaneName": "N_Tip",
					"Position": {
						"X": 265,
						"Y": 0,
						"Z": 0
					},
					"Scale": {
						"X": 0.72,
						"Y": 0.72
					}
				},
				{
					"PaneName": "B_Hit",
					"Scale": {
						"X": 1.428571,
						"Y": 1.428571
					},
					"Size": {
						"X": 40,
						"Y": 40
					}
				}
			]
		},
		{
			"FileName": "blyt/RdtBtnIconGame.bflyt",
			"Patches": [
				{
					"PaneName": "RootPane",
					"Scale": {
						"X": 0.5,
						"Y": 0.5
					}
				},
				{
					"PaneName": "P_InnerCursor",
					"Visible": false
				},
				{
					"PaneName": "N_BtnFocusKey",
					"Size": {
						"X": 215.833328,
						"Y": 215.833328
					}
				},
				{
					"PaneName": "UF_Cursor",
					"Scale": {
						"X": 1.2,
						"Y": 1.2
					}
				},
				{
					"PaneName": "N_Tip",
					"Scale": {
						"X": 1.15,
						"Y": 1.15
					}
				},
				{
					"PaneName": "B_Hit",
					"Scale": {
						"X": 2,
						"Y": 2
					},
					"Size": {
						"X": 132,
						"Y": 132
					}
				}
			]
		},
		{
			"FileName": "blyt/RdtBase.bflyt",
			"Patches": [
				{
					"PaneName": "N_ScrollArea",
					"Position": {
						"X": 0,
						"Y": -218,
						"Z": 0
					},
					"Scale": {
						"X": 1,
						"Y": 0.5
					}
				},
				{
					"PaneName": "N_ScrollWindow",
					"Position": {
						"X": 0,
						"Y": -218,
						"Z": 0
					},
					"Size": {
						"X": 100000,
						"Y": 322
					}
				},
				{
					"PaneName": "N_GameRoot",
					"Position": {
						"X": -530,
						"Y": -218,
						"Z": 0
					},
					"Scale": {
						"X": 0.00001,
						"Y": 1
					}
				},
				{
					"PaneName": "N_Game",
					"Scale": {
						"X": 100000,
						"Y": 1
					}
				},
				{
					"PaneName": "N_Icon_00",
					"Position": {
						"X": 0,
						"Y": 0,
						"Z": 0
					}
				},
				{
					"PaneName": "N_Icon_01",
					"Position": {
						"X": 135,
						"Y": 0,
						"Z": 0
					}
				},
				{
					"PaneName": "N_Icon_02",
					"Position": {
						"X": 270,
						"Y": 0,
						"Z": 0
					}
				},
				{
					"PaneName": "N_Icon_04",
					"Position": {
						"X": 540,
						"Y": 0,
						"Z": 0
					}
				},
				{
					"PaneName": "N_Icon_05",
					"Position": {
						"X": 675,
						"Y": 0,
						"Z": 0
					}
				},
				{
					"PaneName": "N_Icon_06",
					"Position": {
						"X": 810,
						"Y": 0,
						"Z": 0
					}
				},
				{
					"PaneName": "N_Icon_07",
					"Position": {
						"X": 945,
						"Y": 0,
						"Z": 0
					}
				},
				{
					"PaneName": "N_Icon_08",
					"Position": {
						"X": 1,
						"Y": 99999,
						"Z": 0
					},
					"Visible": false
				},
				{
					"PaneName": "N_Icon_09",
					"Position": {
						"X": 1,
						"Y": 99999,
						"Z": 0
					},
					"Visible": false
				},
				{
					"PaneName": "N_Icon_10",
					"Position": {
						"X": 1,
						"Y": 99999,
						"Z": 0
					},
					"Visible": false
				},
				{
					"PaneName": "N_Icon_11",
					"Position": {
						"X": 1,
						"Y": 99999,
						"Z": 0
					},
					"Visible": false
				},
				{
					"PaneName": "N_Icon_12",
					"Position": {
						"X": 1080,
						"Y": 0,
						"Z": 0
					}
				},
				{
					"PaneName": "L_BtnFlc",
					"Position": {
						"X": 0,
						"Y": 0,
						"Z": 0
					},
					"Scale": {
						"X": 0.5,
						"Y": 0.5
					}
				},
				{
					"PaneName": "N_System",
					"Position": {
						"X": 575,
						"Y": 310,
						"Z": 0
					},
					"Scale": {
						"X": 0.7,
						"Y": 0.7
					}
				},
				{
					"PaneName": "L_BtnNoti",
					"Position": {
						"X": -821.4286,
						"Y": 9999,
						"Z": 0
					}
				},
				{
					"PaneName": "L_BtnShop",
					"Position": {
						"X": -100,
						"Y": -100,
						"Z": 0
					}
				},
				{
					"PaneName": "L_BtnPvr",
					"Position": {
						"X": 0,
						"Y": -100,
						"Z": 0
					}
				},
				{
					"PaneName": "L_BtnCtrl",
					"Position": {
						"X": -200,
						"Y": 0,
						"Z": 0
					}
				},
				{
					"PaneName": "L_BtnSet",
					"Position": {
						"X": -100,
						"Y": 0,
						"Z": 0
					}
				},
				{
					"PaneName": "L_BtnPow",
					"Position": {
						"X": 0,
						"Y": 0,
						"Z": 0
					}
				},
				{
					"PaneName": "N_MyPage",
					"Position": {
						"X": -575,
						"Y": 310,
						"Z": 0
					},
					"Scale": {
						"X": 0.972,
						"Y": 0.972
					}
				},
				{
					"PaneName": "L_BtnAccount_00",
					"Position": {
						"X": 0,
						"Y": 0,
						"Z": 0
					}
				},
				{
					"PaneName": "L_BtnAccount_01",
					"Position": {
						"X": 0,
						"Y": -72,
						"Z": 0
					}
				},
				{
					"PaneName": "L_BtnAccount_02",
					"Position": {
						"X": 72,
						"Y": 0,
						"Z": 0
					}
				},
				{
					"PaneName": "L_BtnAccount_03",
					"Position": {
						"X": 72,
						"Y": -72,
						"Z": 0
					}
				},
				{
					"PaneName": "L_BtnAccount_04",
					"Position": {
						"X": 144,
						"Y": 0,
						"Z": 0
					}
				},
				{
					"PaneName": "L_BtnAccount_05",
					"Position": {
						"X": 144,
						"Y": -72,
						"Z": 0
					}
				},
				{
					"PaneName": "L_BtnAccount_06",
					"Position": {
						"X": 216,
						"Y": 0,
						"Z": 0
					}
				},
				{
					"PaneName": "L_BtnAccount_07",
					"Position": {
						"X": 216,
						"Y": -72,
						"Z": 0
					}
				},
				{
					"PaneName": "L_Hud",
					"Position": {
						"X": -340,
						"Y": -325,
						"Z": 0
					}
				},
				{
					"PaneName": "L_BalloonCtrl",
					"Position": {
						"X": 396,
						"Y": 312,
						"Z": 0
					},
					"Rotation": {
						"X": 0,
						"Y": 0,
						"Z": 90
					}
				}
			]
		},
		{
			"FileName": "blyt/RdtBalloonCtrl.bflyt",
			"Patches": [
				{
					"PaneName": "P_Base",
					"Position": {
						"X": 0,
						"Y": 12,
						"Z": 0
					},
					"Size": {
						"X": 78.36,
						"Y": 122
					}
				},
				{
					"PaneName": "N_Ctrl",
					"Position": {
						"X": 0,
						"Y": 72,
						"Z": 0
					},
					"Rotation": {
						"X": 0,
						"Y": 0,
						"Z": -90
					},
					"Scale": {
						"X": 0.7,
						"Y": 0.7
					}
				}
			]
		},
		{
			"FileName": "blyt/RdtBalloon.bflyt",
			"Patches": [
				{
					"PaneName": "P_Color",
					"UsdPatches": [
						{
							"PropName": "C_W",
							"PropValues": ["9", "0", "0", "0"],
							"type": 1
						}
					]
				},
				{
					"PaneName": "P_Card",
					"UsdPatches": [
						{
							"PropName": "C_W",
							"PropValues": ["9", "0", "0", "0"],
							"type": 1
						}
					]
				}
			]
		},
		{
			"FileName": "blyt/Hud.bflyt",
			"Patches": [
				{
					"PaneName": "N_Time",
					"Size": {
						"X": 12,
						"Y": 30
					}
				},
				{
					"PaneName": "L_Time",
					"Position": {
						"X": 561,
						"Y": 635,
						"Z": 0
					},
					"Scale": {
						"X": 0.9,
						"Y": 0.9
					}
				}
			],
			"AddGroups": [
				{
					"GroupName": "G_BatteryNumCustom",
					"Panes": ["N_BatteryNum"]
				}
			]
		},
		{
			"FileName": "blyt/RdtBtnNtf.bflyt",
			"Patches": [
				{
					"PaneName": "RootPane",
					"Position": {
						"X": 0,
						"Y": 99999,
						"Z": 0
					}
				},
				{
					"PaneName": "P_PictBase",
					"ColorTL": "E1FFFFFF",
					"ColorTR": "E1FFFFFF",
					"ColorBL": "E1FFFFFF",
					"ColorBR": "E1FFFFFF",
					"Position": {
						"X": 0,
						"Y": -9999,
						"Z": 0
					},
					"Scale": {
						"X": 1.9,
						"Y": 0.7
					}
				}
			]
		},
		{
			"FileName": "blyt/RdtBtnShop.bflyt",
			"Patches": [
				{
					"PaneName": "L_Balloon",
					"Position": {
						"X": -180,
						"Y": 72,
						"Z": 0
					}
				}
			]
		},
		{
			"FileName": "blyt/RdtBtnPow.bflyt",
			"Patches": [
				{
					"PaneName": "L_Balloon",
					"Position": {
						"X": -380,
						"Y": 72,
						"Z": 0
					}
				}
			]
		}
	],
	"Anims": [
		{
			"FileName": "anim/HudTime_TimeFormat.bflan",
			"AnimJson": "{\"LittleEndian\":true,\"Version\":150994944,\"pat1\":{\"AnimationOrder\":0,\"Name\":\"TimeFormat\",\"ChildBinding\":0,\"Groups\":[\"G_TimeFormatMigush\"],\"Unk_StartOfFile\":0,\"Unk_EndOfFile\":0,\"Unk_EndOfHeader\":\"AAEA\"},\"pai1\":{\"FrameSize\":1,\"Flags\":0,\"Textures\":[],\"Entries\":[{\"Name\":\"N_Root\",\"Target\":0,\"Tags\":[{\"Unknown\":0,\"TagType\":\"FLPA\",\"Entries\":[{\"Index\":0,\"AnimationTarget\":0,\"DataType\":2,\"KeyFrames\":[{\"Frame\":0.0,\"Value\":0.0,\"Blend\":0.0},{\"Frame\":1.0,\"Value\":0.0,\"Blend\":0.0},{\"Frame\":1.0,\"Value\":-19.0,\"Blend\":0.0}],\"FLEUUnknownInt\":0,\"FLEUEntryName\":\"\"},{\"Index\":0,\"AnimationTarget\":6,\"DataType\":2,\"KeyFrames\":[{\"Frame\":0.0,\"Value\":1.11111116,\"Blend\":0.0},{\"Frame\":1.0,\"Value\":1.11111116,\"Blend\":0.0},{\"Frame\":1.0,\"Value\":1.0,\"Blend\":0.0}],\"FLEUUnknownInt\":0,\"FLEUEntryName\":\"\"},{\"Index\":0,\"AnimationTarget\":7,\"DataType\":2,\"KeyFrames\":[{\"Frame\":0.0,\"Value\":1.11111116,\"Blend\":0.0},{\"Frame\":1.0,\"Value\":1.11111116,\"Blend\":0.0},{\"Frame\":1.0,\"Value\":1.0,\"Blend\":0.0}],\"FLEUUnknownInt\":0,\"FLEUEntryName\":\"\"}]}],\"UnkwnownData\":\"\"},{\"Name\":\"N_AMPM\",\"Target\":0,\"Tags\":[{\"Unknown\":0,\"TagType\":\"FLVI\",\"Entries\":[{\"Index\":0,\"AnimationTarget\":0,\"DataType\":1,\"KeyFrames\":[{\"Frame\":0.0,\"Value\":0.0,\"Blend\":0.0},{\"Frame\":1.0,\"Value\":1.0,\"Blend\":0.0}],\"FLEUUnknownInt\":0,\"FLEUEntryName\":\"\"}]}],\"UnkwnownData\":\"\"}]}}"
		},
		{
			"FileName": "anim/Hud_BatteryNum.bflan",
			"AnimJson": "{\"LittleEndian\":true,\"Version\":150994944,\"pat1\":{\"AnimationOrder\":3,\"Name\":\"BatteryNum\",\"ChildBinding\":10,\"Groups\":[\"G_BatteryNumCustom\"],\"Unk_StartOfFile\":0,\"Unk_EndOfFile\":0,\"Unk_EndOfHeader\":\"AA0AAAAAAA==\"},\"pai1\":{\"FrameSize\":3,\"Flags\":0,\"Textures\":[],\"Entries\":[{\"Name\":\"N_BatteryNum\",\"Target\":0,\"Tags\":[{\"Unknown\":0,\"TagType\":\"FLPA\",\"Entries\":[{\"Index\":0,\"AnimationTarget\":8,\"DataType\":2,\"KeyFrames\":[{\"Frame\":0.0,\"Value\":64.0,\"Blend\":0.0},{\"Frame\":1.0,\"Value\":64.0,\"Blend\":0.0},{\"Frame\":1.0,\"Value\":64.0,\"Blend\":0.0},{\"Frame\":2.0,\"Value\":64.0,\"Blend\":0.0},{\"Frame\":2.0,\"Value\":64.0,\"Blend\":0.0},{\"Frame\":3.0,\"Value\":64.0,\"Blend\":0.0},{\"Frame\":3.0,\"Value\":64.0,\"Blend\":0.0}],\"FLEUUnknownInt\":0,\"FLEUEntryName\":\"\"}]}],\"UnkwnownData\":\"\"}]}}"
		}
	]
}
