{
	"Files": [
		{
			"FileName": "blyt/Cursor3.bflyt",
			"Patches": [
				{
					"PaneName": "P_Main",
					"UsdPatches": [
						{
							"PropName": "S_BorderSize",
							"PropValues": ["7"],
							"type": 2
						},
						{
							"PropName": "S_BorderColorSelect0",
							"PropValues": ["0"],
							"type": 1
						},
						{
							"PropName": "S_RoundRadius",
							"PropValues": ["40"],
							"type": 2
						},
						{
							"PropName": "S_DropShadowColorSelect",
							"PropValues": ["0"],
							"type": 1
						},
						{
							"PropName": "C_B",
							"PropValues": ["0", "0", "0", "0"],
							"type": 1
						},
						{
							"PropName": "C_W",
							"PropValues": ["0", "0", "0", "0"],
							"type": 1
						}
					]
				},
				{
					"PaneName": "P_Grow",
					"UsdPatches": [
						{
							"PropName": "S_BorderSize",
							"PropValues": ["7"],
							"type": 2
						},
						{
							"PropName": "S_BorderColorSelect0",
							"PropValues": ["0"],
							"type": 1
						},
						{
							"PropName": "S_RoundRadius",
							"PropValues": ["40"],
							"type": 2
						},
						{
							"PropName": "S_DropShadowColorSelect",
							"PropValues": ["0"],
							"type": 1
						},
						{
							"PropName": "C_B",
							"PropValues": ["0", "0", "0", "0"],
							"type": 1
						},
						{
							"PropName": "C_W",
							"PropValues": ["0", "0", "0", "0"],
							"type": 1
						}
					]
				}
			],
			"Materials": [
				{
					"MaterialName": "P_Main",
					"ForegroundColor": "00E6A014",
					"BackgroundColor": "FFFFD500"
				},
				{
					"MaterialName": "P_Grow",
					"ForegroundColor": "00C88C14",
					"BackgroundColor": "FFE6B400"
				}
			]
		},
		{
			"FileName": "blyt/RdtBtnIconGame.bflyt",
			"Patches": [
				{
					"PaneName": "RootPane",
					"Scale": {
						"X": 0.5,
						"Y": 0.5
					}
				},
				{
					"PaneName": "N_Tip",
					"Position": {
						"Y": 143
					}
				},
				{
					"PaneName": "B_Hit",
					"Scale": {
						"X": 2,
						"Y": 2
					},
					"Size": {
						"X": 132,
						"Y": 132
					}
				},
				{
					"PaneName": "P_IconGame",
					"UsdPatches": [
						{
							"PropName": "S_RoundRadius",
							"PropValues": ["1109393408"],
							"type": 1
						}
					]
				},
				{
					"PaneName": "P_Blank",
					"UsdPatches": [
						{
							"PropName": "S_RoundRadius",
							"PropValues": ["1109393408"],
							"type": 1
						}
					]
				},
				{
					"PaneName": "P_BtnDecideKey",
					"UsdPatches": [
						{
							"PropName": "S_RoundRadius",
							"PropValues": ["1109393408"],
							"type": 1
						}
					]
				},
				{
					"PaneName": "P_BtnTouch",
					"UsdPatches": [
						{
							"PropName": "S_RoundRadius",
							"PropValues": ["1109393408"],
							"type": 1
						}
					]
				},
				{
					"PaneName": "P_InnerCursor",
					"Visible": false,
					"UsdPatches": [
						{
							"PropName": "S_RoundRadius",
							"PropValues": ["10"],
							"type": 2
						}
					]
				},
				{
					"PaneName": "N_BtnFocusKey",
					"Size": {
						"X": 259,
						"Y": 259
					}
				},
				{
					"PaneName": "L_Loading"
				},
				{
					"PaneName": "L_Balloon",
					"Visible": false
				}
			]
		}
	],
	"uuid": "678217c6-5784-4071-b085-b8a4b4fe0a9e"
}
