{
	"Files": [
		{
			"FileName": "blyt/RdtBtnFullLauncher.bflyt",
			"Patches": [
				{
					"PaneName": "P_PictBase",
					"UsdPatches": [
						{
							"PropName": "S_RoundRadius",
							"PropValues": ["30"],
							"type": 2
						}
					]
				},
				{
					"PaneName": "P_Pict_00",
					"UsdPatches": [
						{
							"PropName": "S_RoundRadius",
							"PropValues": ["40"],
							"type": 2
						}
					]
				},
				{
					"PaneName": "P_PictBase_00",
					"UsdPatches": [
						{
							"PropName": "S_RoundRadius",
							"PropValues": ["40"],
							"type": 2
						}
					]
				},
				{
					"PaneName": "P_Pict_01",
					"UsdPatches": [
						{
							"PropName": "S_RoundRadius",
							"PropValues": ["40"],
							"type": 2
						}
					]
				},
				{
					"PaneName": "P_PictBase_01",
					"UsdPatches": [
						{
							"PropName": "S_RoundRadius",
							"PropValues": ["40"],
							"type": 2
						}
					]
				},
				{
					"PaneName": "P_Pict_02",
					"UsdPatches": [
						{
							"PropName": "S_RoundRadius",
							"PropValues": ["40"],
							"type": 2
						}
					]
				},
				{
					"PaneName": "P_PictBase_02",
					"UsdPatches": [
						{
							"PropName": "S_RoundRadius",
							"PropValues": ["40"],
							"type": 2
						}
					]
				},
				{
					"PaneName": "P_Pict_03",
					"UsdPatches": [
						{
							"PropName": "S_RoundRadius",
							"PropValues": ["40"],
							"type": 2
						}
					]
				},
				{
					"PaneName": "P_PictBase_03",
					"UsdPatches": [
						{
							"PropName": "S_RoundRadius",
							"PropValues": ["40"],
							"type": 2
						}
					]
				},
				{
					"PaneName": "P_BtnDecideKey",
					"UsdPatches": [
						{
							"PropName": "S_RoundRadius",
							"PropValues": ["40"],
							"type": 2
						}
					]
				},
				{
					"PaneName": "P_BtnTouch",
					"UsdPatches": [
						{
							"PropName": "S_RoundRadius",
							"PropValues": ["40"],
							"type": 2
						}
					]
				},
				{
					"PaneName": "N_BtnFocusKey",
					"UsdPatches": [
						{
							"PropName": "S_RoundRadius",
							"PropValues": ["30"],
							"type": 2
						}
					]
				},
				{
					"PaneName": "P_Effect",
					"UsdPatches": [
						{
							"PropName": "S_RoundRadius",
							"PropValues": ["30"],
							"type": 2
						}
					]
				}
			]
		},
		{
			"FileName": "blyt/Cursor3.bflyt",
			"Patches": [
				{
					"PaneName": "P_Main",
					"UsdPatches": [
						{
							"PropName": "S_BorderSize",
							"PropValues": ["6"],
							"type": 2
						},
						{
							"PropName": "S_RoundRadius",
							"PropValues": ["20"],
							"type": 2
						}
					]
				},
				{
					"PaneName": "P_Grow",
					"UsdPatches": [
						{
							"PropName": "S_BorderSize",
							"PropValues": ["6"],
							"type": 2
						},
						{
							"PropName": "S_RoundRadius",
							"PropValues": ["20"],
							"type": 2
						}
					]
				}
			]
		},
		{
			"FileName": "blyt/RdtBtnIconGame.bflyt",
			"Patches": [
				{
					"PaneName": "P_BtnBase",
					"UsdPatches": [
						{
							"PropName": "S_RoundRadius",
							"PropValues": ["20"],
							"type": 2
						},
						{
							"PropName": "S_DropShadowDistance",
							"PropValues": ["15"],
							"type": 2
						}
					]
				},
				{
					"PaneName": "P_IconGame",
					"UsdPatches": [
						{
							"PropName": "S_RoundRadius",
							"PropValues": ["20"],
							"type": 2
						},
						{
							"PropName": "S_DropShadowVolume",
							"PropValues": ["2,8"],
							"type": 2
						},
						{
							"PropName": "S_DropShadowDistance",
							"PropValues": ["0"],
							"type": 2
						},
						{
							"PropName": "S_DropShadowSize",
							"PropValues": ["8"],
							"type": 2
						}
					]
				},
				{
					"PaneName": "P_Blank",
					"UsdPatches": [
						{
							"PropName": "S_RoundRadius",
							"PropValues": ["20"],
							"type": 2
						},
						{
							"PropName": "S_DropShadowDistance",
							"PropValues": ["1"],
							"type": 2
						},
						{
							"PropName": "S_DropShadowSize",
							"PropValues": ["8"],
							"type": 2
						}
					]
				},
				{
					"PaneName": "P_BtnDecideKey",
					"UsdPatches": [
						{
							"PropName": "S_RoundRadius",
							"PropValues": ["20"],
							"type": 2
						}
					]
				},
				{
					"PaneName": "P_BtnTouch",
					"UsdPatches": [
						{
							"PropName": "S_RoundRadius",
							"PropValues": ["20"],
							"type": 2
						}
					]
				},
				{
					"PaneName": "P_InnerCursor",
					"UsdPatches": [
						{
							"PropName": "S_BorderSize",
							"PropValues": ["8"],
							"type": 2
						},
						{
							"PropName": "S_RoundRadius",
							"PropValues": ["20"],
							"type": 2
						}
					]
				}
			]
		}
	],
	"uuid": "0a86b4c1-3fb9-4508-a692-003412571092"
}
