{
	"PatchName": "Doge Lock",
	"AuthorName": "Such Meme, Many Skill",
	"TargetName": "Entrance.szs",
	"Files": [
		{
			"FileName": "blyt/EntMain.bflyt",
			"Patches": [
				{
					"PaneName": "N_CntRMain",
					"Position": {
						"X": -180,
						"Y": 0,
						"Z": 0
					}
				},
				{
					"PaneName": "L_BtnSystemApplet",
					"Position": {
						"X": 1000,
						"Y": 0,
						"Z": 0
					}
				},
				{
					"PaneName": "L_BtnSystemAppletLock",
					"Position": {
						"X": -180,
						"Y": 0,
						"Z": 0
					}
				},
				{
					"PaneName": "L_BtnResume",
					"Position": {
						"X": -180,
						"Y": -300,
						"Z": 0
					}
				},
				{
					"PaneName": "N_CntHud",
					"Position": {
						"X": -180,
						"Y": -14,
						"Z": 0
					}
				},
				{
					"PaneName": "N_CntL",
					"Position": {
						"X": -1000,
						"Y": 10000,
						"Z": 0
					}
				},
				{
					"PaneName": "N_News",
					"Position": {
						"X": -1000,
						"Y": 36,
						"Z": 0
					}
				},
				{
					"PaneName": "L_BtnNtf",
					"Position": {
						"X": 0,
						"Y": -1000,
						"Z": 0
					}
				}
			]
		}
	]
}
