{
	"PatchName": "Left All Apps Rounded",
	"AuthorName": "M1ke",
	"TargetName": "Flaunch.szs",
	"Files": [
		{
			"FileName": "blyt/FlcCntMain.bflyt",
			"Patches": [
				{
					"PaneName": "N_Header",
					"Position": {
						"X": -300,
						"Y": 360
					}
				},
				{
					"PaneName": "N_Sort",
					"Position": {
						"X": -100,
						"Y": -100
					}
				},
				{
					"PaneName": "NH_Root",
					"Position": {
						"X": -210,
						"Y": 190
					}
				},
				{
					"PaneName": "L_Header",
					"Position": {
						"X": 200,
						"Y": -678
					},
					"Scale": {
						"X": 0.7,
						"Y": 0.7
					}
				},
				{
					"PaneName": "L_BtnGrp",
					"Position": {
						"Y": -35
					}
				},
				{
					"PaneName": "L_BtnSort",
					"Position": {
						"Y": -35
					}
				},
				{
					"PaneName": "L_Loading"
				},
				{
					"PaneName": "N_Cnt",
					"Position": {
						"Y": 70
					}
				},
				{
					"PaneName": "N_Top",
					"Position": {
						"Y": 150
					}
				},
				{
					"PaneName": "L_BtnIconGame_00",
					"Position": {
						"X": -50,
						"Y": -318
					},
					"Size": {
						"X": 1094,
						"Y": 138
					}
				},
				{
					"PaneName": "L_BtnIconGame_01",
					"Position": {
						"X": -50,
						"Y": -404
					},
					"Size": {
						"X": 1094,
						"Y": 138
					}
				},
				{
					"PaneName": "L_BtnIconGame_02",
					"Position": {
						"X": -50,
						"Y": -490
					},
					"Size": {
						"X": 1094,
						"Y": 138
					}
				},
				{
					"PaneName": "L_BtnIconGame_03",
					"Position": {
						"X": -50,
						"Y": -576
					},
					"Size": {
						"X": 1094,
						"Y": 138
					}
				},
				{
					"PaneName": "L_BtnIconGame_04",
					"Position": {
						"X": -50,
						"Y": -662
					},
					"Size": {
						"X": 1094,
						"Y": 138
					}
				},
				{
					"PaneName": "L_BtnIconGame_05",
					"Position": {
						"X": -50,
						"Y": -748
					},
					"Size": {
						"X": 1094,
						"Y": 138
					}
				},
				{
					"PaneName": "L_BtnIconGame_06",
					"Position": {
						"X": -50,
						"Y": -834
					},
					"Size": {
						"X": 1094,
						"Y": 138
					}
				},
				{
					"PaneName": "L_BtnIconGame_07",
					"Position": {
						"X": -50,
						"Y": -920
					},
					"Size": {
						"X": 1094,
						"Y": 138
					}
				},
				{
					"PaneName": "L_Shop"
				}
			]
		},
		{
			"FileName": "blyt/TextH1.bflyt",
			"Patches": [
				{
					"PaneName": "N_Line",
					"Visible": false
				}
			]
		},
		{
			"FileName": "blyt/FlcBtnIconGameBlock.bflyt",
			"Patches": [
				{
					"PaneName": "N_BtnIconGame_00",
					"Position": {
						"X": -340
					}
				},
				{
					"PaneName": "N_BtnIconGame_01",
					"Position": {
						"X": -204
					}
				},
				{
					"PaneName": "N_BtnIconGame_02",
					"Position": {
						"X": -68
					}
				},
				{
					"PaneName": "N_BtnIconGame_03",
					"Position": {
						"X": 68
					}
				},
				{
					"PaneName": "N_BtnIconGame_04",
					"Position": {
						"X": 204
					}
				},
				{
					"PaneName": "N_BtnIconGame_05",
					"Position": {
						"X": 340
					}
				}
			]
		},
		{
			"FileName": "blyt/FlcBtnIconGame.bflyt",
			"Patches": [
				{
					"PaneName": "RootPane",
					"Scale": {
						"X": 0.75,
						"Y": 0.75
					}
				},
				{
					"PaneName": "N_Tip",
					"Visible": false
				},
				{
					"PaneName": "B_Hit",
					"Size": {
						"X": 97,
						"Y": 97
					}
				},
				{
					"PaneName": "P_BtnBase",
					"UsdPatches": [
						{
							"PropName": "S_RoundRadius",
							"PropValues": ["45"],
							"type": 2
						}
					]
				},
				{
					"PaneName": "P_IconGame",
					"UsdPatches": [
						{
							"PropName": "S_RoundRadius",
							"PropValues": ["45"],
							"type": 2
						}
					]
				},
				{
					"PaneName": "P_InnerCursor",
					"UsdPatches": [
						{
							"PropName": "S_RoundRadius",
							"PropValues": ["45"],
							"type": 2
						}
					]
				},
				{
					"PaneName": "N_BtnFocusKey",
					"UsdPatches": [
						{
							"PropName": "S_RoundRadius",
							"PropValues": ["45"],
							"type": 2
						}
					]
				}
			]
		}
	]
}
