{
	"PatchName": "Snail for home menu",
	"AuthorName": "majutsushi",
	"HideOnlineBtn": true,
	"Files": [
		{
			"FileName": "blyt/RdtBtnFullLauncher.bflyt",
			"Patches": [
				{
					"PaneName": "B_Hit",
					"Rotation": {
						"Z": 45
					},
					"Size": {
						"X": 100,
						"Y": 100
					}
				},
				{
					"PaneName": "N_DecideKey",
					"Rotation": {
						"Z": 45
					}
				},
				{
					"PaneName": "N_Tip",
					"Visible": false
				},
				{
					"PaneName": "N_DecideTouch",
					"Scale": {
						"X": 0.9999999,
						"Y": 0.9999999
					}
				},
				{
					"PaneName": "L_Balloon",
					"Visible": false
				},
				{
					"PaneName": "P_PictBase",
					"Scale": {
						"X": 0.625,
						"Y": 0.625
					},
					"Size": {
						"X": 100,
						"Y": 100
					},
					"UsdPatches": [
						{
							"PropName": "S_RoundRadius",
							"PropValues": ["15"],
							"type": 2
						}
					]
				},
				{
					"PaneName": "N_BtnFocusKey",
					"Size": {
						"X": 100,
						"Y": 100
					},
					"UsdPatches": [
						{
							"PropName": "S_RoundRadius",
							"PropValues": ["15"],
							"type": 2
						}
					]
				},
				{
					"PaneName": "P_Effect",
					"Size": {
						"X": 100,
						"Y": 100
					},
					"UsdPatches": [
						{
							"PropName": "S_RoundRadius",
							"PropValues": ["200"],
							"type": 2
						}
					]
				},
				{
					"PaneName": "P_BtnDecideKey",
					"Size": {
						"X": 100,
						"Y": 100
					},
					"UsdPatches": [
						{
							"PropName": "S_RoundRadius",
							"PropValues": ["15"],
							"type": 2
						}
					]
				},
				{
					"PaneName": "P_BtnTouch",
					"Size": {
						"X": 100,
						"Y": 100
					},
					"UsdPatches": [
						{
							"PropName": "S_RoundRadius",
							"PropValues": ["15"],
							"type": 2
						}
					]
				}
			]
		},
		{
			"FileName": "blyt/Cursor3.bflyt",
			"Patches": [
				{
					"PaneName": "RootPane",
					"Size": {
						"X": 80,
						"Y": 80
					}
				},
				{
					"PaneName": "P_Main",
					"UsdPatches": [
						{
							"PropName": "S_RoundRadius",
							"PropValues": ["15"],
							"type": 2
						}
					]
				},
				{
					"PaneName": "P_Grow",
					"UsdPatches": [
						{
							"PropName": "S_RoundRadius",
							"PropValues": ["15"],
							"type": 2
						}
					]
				}
			]
		},
		{
			"FileName": "blyt/RdtBtnMyPage.bflyt",
			"Patches": [
				{
					"PaneName": "N_Tip",
					"Position": {
						"X": -70
					}
				},
				{
					"PaneName": "L_Balloon",
					"Position": {
						"X": 20
					},
					"OriginX": 2
				}
			]
		},
		{
			"FileName": "blyt/RdtBtnIconGame.bflyt",
			"Patches": [
				{
					"PaneName": "N_Tip",
					"Position": {
						"Y": 1520
					}
				},
				{
					"PaneName": "B_Hit",
					"Size": {
						"X": 80,
						"Y": 80
					}
				},
				{
					"PaneName": "P_BtnBase",
					"Size": {
						"X": 120,
						"Y": 120
					}
				},
				{
					"PaneName": "P_IconGame",
					"Size": {
						"X": 120,
						"Y": 120
					},
					"UsdPatches": [
						{
							"PropName": "S_RoundRadius",
							"PropValues": ["15"],
							"type": 2
						}
					]
				},
				{
					"PaneName": "P_Blank",
					"Size": {
						"X": 120,
						"Y": 120
					}
				},
				{
					"PaneName": "N_Suspend",
					"Position": {
						"X": 22,
						"Y": 93
					}
				},
				{
					"PaneName": "P_BtnDecideKey",
					"Size": {
						"X": 120,
						"Y": 120
					},
					"UsdPatches": [
						{
							"PropName": "S_RoundRadius",
							"PropValues": ["15"],
							"type": 2
						}
					]
				},
				{
					"PaneName": "P_BtnTouch",
					"Size": {
						"X": 120,
						"Y": 120
					},
					"UsdPatches": [
						{
							"PropName": "S_RoundRadius",
							"PropValues": ["15"],
							"type": 2
						}
					]
				},
				{
					"PaneName": "P_InnerCursor",
					"Size": {
						"X": 128,
						"Y": 128
					},
					"UsdPatches": [
						{
							"PropName": "S_RoundRadius",
							"PropValues": ["15"],
							"type": 2
						}
					]
				},
				{
					"PaneName": "N_BtnFocusKey",
					"Size": {
						"X": 128,
						"Y": 128
					}
				}
			]
		},
		{
			"FileName": "blyt/RdtBase.bflyt",
			"Patches": [
				{
					"PaneName": "N_ScrollArea",
					"Size": {
						"X": 1,
						"Y": 1
					}
				},
				{
					"PaneName": "N_ScrollWindow",
					"Size": {
						"X": 1,
						"Y": 1
					}
				},
				{
					"PaneName": "N_System",
					"Position": {
						"X": -310,
						"Y": 300
					}
				},
				{
					"PaneName": "L_ChildLock",
					"Size": {
						"X": 80,
						"Y": 80
					}
				},
				{
					"PaneName": "N_MyPage",
					"Position": {
						"X": 600,
						"Y": 320
					},
					"Size": {
						"X": 60,
						"Y": 60
					}
				},
				{
					"PaneName": "L_Hud",
					"Position": {
						"X": 530,
						"Y": 320
					},
					"Size": {
						"X": 150,
						"Y": 100
					}
				},
				{
					"PaneName": "L_BtnLR",
					"Position": {
						"X": -742,
						"Y": 228
					}
				},
				{
					"PaneName": "L_BtnNoti",
					"Position": {
						"X": 270
					},
					"Size": {
						"X": 80,
						"Y": 80
					}
				},
				{
					"PaneName": "L_BtnShop",
					"Position": {
						"X": 162
					},
					"Size": {
						"X": 80,
						"Y": 80
					}
				},
				{
					"PaneName": "L_BtnPvr",
					"Position": {
						"X": 54
					},
					"Size": {
						"X": 80,
						"Y": 80
					}
				},
				{
					"PaneName": "L_BtnCtrl",
					"Position": {
						"X": -54
					},
					"Size": {
						"X": 80,
						"Y": 80
					}
				},
				{
					"PaneName": "L_BtnSet",
					"Position": {
						"X": -162
					},
					"Size": {
						"X": 80,
						"Y": 80
					}
				},
				{
					"PaneName": "L_BtnPow",
					"Position": {
						"X": -270
					},
					"Size": {
						"X": 80,
						"Y": 80
					}
				},
				{
					"PaneName": "L_BtnAccount_00",
					"Position": {}
				},
				{
					"PaneName": "L_BtnAccount_01",
					"Position": {
						"Y": -72
					}
				},
				{
					"PaneName": "L_BtnAccount_02",
					"Position": {
						"Y": -144
					}
				},
				{
					"PaneName": "L_BtnAccount_03",
					"Position": {
						"Y": -216
					}
				},
				{
					"PaneName": "L_BtnAccount_04",
					"Position": {
						"Y": -288
					}
				},
				{
					"PaneName": "L_BtnAccount_05",
					"Position": {
						"Y": -360
					}
				},
				{
					"PaneName": "L_BtnAccount_06",
					"Position": {
						"Y": -432
					}
				},
				{
					"PaneName": "L_BtnAccount_07",
					"Position": {
						"Y": -504
					}
				},
				{
					"PaneName": "N_Icon_00",
					"Position": {
						"X": -550,
						"Y": -120
					},
					"Size": {
						"X": 120,
						"Y": 120
					}
				},
				{
					"PaneName": "N_Icon_01",
					"Position": {
						"X": -490,
						"Y": -250
					},
					"Size": {
						"X": 120,
						"Y": 120
					}
				},
				{
					"PaneName": "N_Icon_02",
					"Position": {
						"X": -360,
						"Y": -250
					},
					"Size": {
						"X": 120,
						"Y": 120
					}
				},
				{
					"PaneName": "N_Icon_03",
					"Position": {
						"X": -290,
						"Y": -120
					},
					"Size": {
						"X": 120,
						"Y": 120
					}
				},
				{
					"PaneName": "N_Icon_04",
					"Position": {
						"X": -230,
						"Y": -250
					},
					"Size": {
						"X": 120,
						"Y": 120
					}
				},
				{
					"PaneName": "N_Icon_05",
					"Position": {
						"X": -160,
						"Y": -120
					},
					"Size": {
						"X": 120,
						"Y": 120
					}
				},
				{
					"PaneName": "N_Icon_06",
					"Position": {
						"X": -100,
						"Y": -250
					},
					"Size": {
						"X": 120,
						"Y": 120
					}
				},
				{
					"PaneName": "N_Icon_07",
					"Position": {
						"Y": -99999
					},
					"Size": {
						"X": 120,
						"Y": 120
					}
				},
				{
					"PaneName": "N_Icon_08",
					"Position": {
						"Y": -99999
					},
					"Size": {
						"X": 120,
						"Y": 120
					}
				},
				{
					"PaneName": "N_Icon_09",
					"Position": {
						"Y": -99999
					},
					"Size": {
						"X": 120,
						"Y": 120
					}
				},
				{
					"PaneName": "N_Icon_10",
					"Position": {
						"Y": -99999
					},
					"Size": {
						"X": 120,
						"Y": 120
					}
				},
				{
					"PaneName": "N_Icon_11",
					"Position": {
						"Y": -99999
					},
					"Size": {
						"X": 120,
						"Y": 120
					}
				},
				{
					"PaneName": "N_Icon_12",
					"Position": {
						"X": 490,
						"Y": -248
					},
					"Size": {
						"X": 100,
						"Y": 100
					}
				},
				{
					"PaneName": "L_BtnFlc",
					"Position": {},
					"Size": {
						"X": 100,
						"Y": 100
					}
				}
			]
		},
		{
			"FileName": "blyt/RdtBtnPow.bflyt",
			"Patches": [
				{
					"PaneName": "N_Tip",
					"Position": {
						"X": 35,
						"Y": -72
					}
				}
			]
		}
	]
}
