{
	"HideOnlineBtn": false,
	"Files": [
		{
			"FileName": "blyt/RdtBtnCtrl.bflyt",
			"Patches": [
				{
					"PaneName": "L_Balloon",
					"Visible": false
				}
			]
		},
		{
			"FileName": "blyt/RdtBg.bflyt",
			"Patches": [
				{
					"PaneName": "L_BgNml"
				}
			]
		},
		{
			"FileName": "blyt/RdtBtnFullLauncher.bflyt",
			"Patches": [
				{
					"PaneName": "L_Balloon",
					"Visible": false
				}
			]
		},
		{
			"FileName": "blyt/RdtBtnSet.bflyt",
			"Patches": [
				{
					"PaneName": "L_Balloon",
					"Visible": false
				}
			]
		},
		{
			"FileName": "blyt/RdtBtnPvr.bflyt",
			"Patches": [
				{
					"PaneName": "L_Balloon",
					"Visible": false
				}
			]
		},
		{
			"FileName": "blyt/RdtBtnMyPage.bflyt",
			"Patches": [
				{
					"PaneName": "N_Num",
					"Position": {
						"X": -32,
						"Y": 38
					}
				},
				{
					"PaneName": "L_Num_00"
				},
				{
					"PaneName": "L_Num_01"
				},
				{
					"PaneName": "L_Num_02"
				},
				{
					"PaneName": "L_Balloon",
					"Visible": false
				}
			]
		},
		{
			"FileName": "blyt/RdtBtnIconGame.bflyt",
			"Patches": [
				{
					"PaneName": "RootPane",
					"Scale": {
						"X": 0.7,
						"Y": 0.7
					}
				},
				{
					"PaneName": "L_Balloon",
					"Visible": false
				},
				{
					"PaneName": "L_Loading"
				}
			]
		},
		{
			"FileName": "blyt/RdtBtnLR.bflyt",
			"Patches": [
				{
					"PaneName": "L_New"
				},
				{
					"PaneName": "L_Balloon",
					"Visible": false
				}
			]
		},
		{
			"FileName": "blyt/RdtBase.bflyt",
			"Patches": [
				{
					"PaneName": "N_ScrollArea",
					"Position": {
						"Y": 58
					},
					"Size": {
						"X": 1210,
						"Y": 365
					},
					"Visible": false
				},
				{
					"PaneName": "N_ScrollWindow",
					"Position": {
						"Y": 58
					},
					"Size": {
						"X": 740,
						"Y": 365
					},
					"Visible": false
				},
				{
					"PaneName": "N_GameRoot",
					"Position": {
						"X": 2,
						"Y": 53
					},
					"Scale": {
						"X": 1.05,
						"Y": 1.05
					}
				},
				{
					"PaneName": "N_System",
					"Position": {
						"X": -17,
						"Y": -240
					},
					"Scale": {
						"X": 0.75,
						"Y": 0.75
					}
				},
				{
					"PaneName": "L_ChildLock",
					"Position": {
						"Y": 311
					}
				},
				{
					"PaneName": "N_Balloon",
					"Size": {
						"X": 1280,
						"Y": 720
					}
				},
				{
					"PaneName": "N_MyPage",
					"Position": {
						"X": -280,
						"Y": 309
					}
				},
				{
					"PaneName": "L_Hud",
					"Position": {
						"X": 557,
						"Y": 306
					}
				},
				{
					"PaneName": "N_Game",
					"Position": {
						"X": 100
					},
					"Scale": {
						"X": 1.1,
						"Y": 1.1
					}
				},
				{
					"PaneName": "L_BtnLR",
					"Position": {
						"X": -355
					},
					"Visible": true
				},
				{
					"PaneName": "L_BtnNoti",
					"Position": {
						"X": -230
					}
				},
				{
					"PaneName": "L_BtnShop",
					"Position": {
						"X": -105
					}
				},
				{
					"PaneName": "L_BtnPvr",
					"Position": {
						"X": 20
					}
				},
				{
					"PaneName": "L_BtnCtrl",
					"Position": {
						"X": 145
					}
				},
				{
					"PaneName": "L_BtnSet",
					"Position": {
						"X": 270
					}
				},
				{
					"PaneName": "L_BtnPow",
					"Position": {
						"X": 395
					}
				},
				{
					"PaneName": "N_Icon_00",
					"Position": {
						"X": -465,
						"Y": 80,
						"Z": 130
					}
				},
				{
					"PaneName": "N_Icon_01",
					"Position": {
						"X": -280,
						"Y": 80,
						"Z": 130
					}
				},
				{
					"PaneName": "N_Icon_02",
					"Position": {
						"X": -95,
						"Y": 80,
						"Z": 130
					}
				},
				{
					"PaneName": "N_Icon_03",
					"Position": {
						"X": 90,
						"Y": 80,
						"Z": 130
					}
				},
				{
					"PaneName": "N_Icon_04",
					"Position": {
						"X": 275,
						"Y": 80,
						"Z": 130
					}
				},
				{
					"PaneName": "N_Icon_05",
					"Position": {
						"X": -465,
						"Y": -105,
						"Z": 130
					}
				},
				{
					"PaneName": "N_Icon_06",
					"Position": {
						"X": -280,
						"Y": -105,
						"Z": -55
					}
				},
				{
					"PaneName": "N_Icon_07",
					"Position": {
						"X": -95,
						"Y": -105,
						"Z": -55
					}
				},
				{
					"PaneName": "N_Icon_08",
					"Position": {
						"X": 90,
						"Y": -105,
						"Z": -55
					}
				},
				{
					"PaneName": "N_Icon_09",
					"Position": {
						"X": 275,
						"Y": -105,
						"Z": -55
					}
				},
				{
					"PaneName": "N_Icon_10",
					"Position": {
						"X": -1275,
						"Y": -1105,
						"Z": -55
					},
					"Visible": false
				},
				{
					"PaneName": "N_Icon_11",
					"Position": {
						"X": 1460,
						"Y": -1105,
						"Z": -55
					},
					"Visible": false
				},
				{
					"PaneName": "N_Icon_12",
					"Position": {
						"X": 461,
						"Y": -12
					},
					"Scale": {
						"X": 0.399999976,
						"Y": 0.399999976
					}
				},
				{
					"PaneName": "L_BtnFlc",
					"Position": {}
				}
			]
		},
		{
			"FileName": "blyt/GTNumM.bflyt",
			"Patches": [
				{
					"PaneName": "P_GTNum_00",
					"Position": {
						"Y": -9
					}
				}
			]
		},
		{
			"FileName": "blyt/RdtBtnNtf.bflyt",
			"Patches": [
				{
					"PaneName": "L_New"
				},
				{
					"PaneName": "L_Balloon",
					"Visible": false
				}
			]
		},
		{
			"FileName": "blyt/RdtBtnShop.bflyt",
			"Patches": [
				{
					"PaneName": "L_Balloon",
					"Visible": false
				}
			]
		},
		{
			"FileName": "blyt/RdtBtnPow.bflyt",
			"Patches": [
				{
					"PaneName": "L_Balloon",
					"Visible": false
				}
			]
		}
	],
	"Anims": [
		{
			"FileName": "anim/RdtBase_SystemAppletPos.bflan",
			"AnimJson": "{\"LittleEndian\":true,\"Version\":150994944,\"pat1\":{\"AnimationOrder\":6,\"Name\":\"SystemAppletPos\",\"ChildBinding\":190,\"Groups\":[\"G_System\"],\"Unk_StartOfFile\":0,\"Unk_EndOfFile\":0,\"Unk_EndOfHeader\":\"AL8AAAAAAA==\"},\"pai1\":{\"FrameSize\":1,\"Flags\":0,\"Textures\":[],\"Entries\":[]}}"
		}
	],
	"uuid": "ed014521-4a39-4e4e-945c-47fdbc970c3d"
}
