{
	"PatchName": "FairTech Animated",
	"AuthorName": "FairTech.us",
	"TargetName": "ResidentMenu.szs",
	"Files": [
		{
			"FileName": "blyt/RdtBtnCtrl.bflyt",
			"Patches": [
				{
					"PaneName": "P_PictBase",
					"Visible": false
				},
				{
					"PaneName": "L_Balloon",
					"Position": {
						"X": -280,
						"Y": 72,
						"Z": 0
					},
					"Visible": false
				}
			],
			"AddGroups": [
				{
					"GroupName": "NSX_G_Active",
					"Panes": ["N_ScaleDecide", "P_PictBase", "UF_Cursor", "N_Root"]
				}
			]
		},
		{
			"FileName": "blyt/RdtBtnFullLauncher.bflyt",
			"Patches": [
				{
					"PaneName": "P_PictBase",
					"Visible": false
				},
				{
					"PaneName": "P_Pict_00",
					"UsdPatches": [
						{
							"PropName": "S_RoundRadius",
							"PropValues": ["160"],
							"type": 2
						}
					]
				},
				{
					"PaneName": "P_Pict_03",
					"UsdPatches": [
						{
							"PropName": "S_RoundRadius",
							"PropValues": ["160"],
							"type": 2
						}
					]
				},
				{
					"PaneName": "N_Tip",
					"Scale": {
						"X": 1.1,
						"Y": 1.1
					}
				},
				{
					"PaneName": "L_Balloon",
					"Visible": false
				},
				{
					"PaneName": "B_Hit",
					"Size": {
						"X": 80,
						"Y": 80
					}
				}
			],
			"AddGroups": [
				{
					"GroupName": "NSX_G_Active",
					"Panes": [
						"N_ScaleDecide",
						"P_PictBase",
						"N_Root",
						"UF_Cursor",
						"P_Pict_00",
						"P_Pict_01",
						"P_Pict_02",
						"P_Pict_03"
					]
				}
			]
		},
		{
			"FileName": "blyt/Cursor3.bflyt",
			"Patches": [
				{
					"PaneName": "P_Main",
					"UsdPatches": [
						{
							"PropName": "S_BorderSize",
							"PropValues": ["7"],
							"type": 2
						},
						{
							"PropName": "S_RoundRadius",
							"PropValues": ["30"],
							"type": 2
						}
					]
				},
				{
					"PaneName": "P_Grow",
					"UsdPatches": [
						{
							"PropName": "S_BorderSize",
							"PropValues": ["7"],
							"type": 2
						},
						{
							"PropName": "S_RoundRadius",
							"PropValues": ["30"],
							"type": 2
						}
					]
				}
			]
		},
		{
			"FileName": "blyt/RdtBtnSet.bflyt",
			"Patches": [
				{
					"PaneName": "P_PictBase",
					"Visible": false
				},
				{
					"PaneName": "L_Balloon",
					"Position": {
						"X": -280,
						"Y": 72,
						"Z": 0
					},
					"Visible": false
				}
			],
			"AddGroups": [
				{
					"GroupName": "NSX_G_Active",
					"Panes": ["N_ScaleDecide", "P_PictBase", "UF_Cursor", "N_Root"]
				}
			]
		},
		{
			"FileName": "blyt/RdtBtnPvr.bflyt",
			"Patches": [
				{
					"PaneName": "P_PictBase",
					"Visible": false
				},
				{
					"PaneName": "L_Balloon",
					"Position": {
						"X": -280,
						"Y": 72,
						"Z": 0
					},
					"Visible": false
				}
			],
			"AddGroups": [
				{
					"GroupName": "NSX_G_Active",
					"Panes": ["N_ScaleDecide", "P_PictBase", "UF_Cursor", "N_Root"]
				}
			]
		},
		{
			"FileName": "blyt/RdtBtnMyPage.bflyt",
			"Patches": [
				{
					"PaneName": "L_Balloon",
					"Visible": false
				}
			],
			"AddGroups": [
				{
					"GroupName": "NSX_G_Inactive",
					"Panes": ["N_Root", "N_Scale", "N_Num", "L_New", "P_PictBase", "L_Error"]
				},
				{
					"GroupName": "NSX_G_Active",
					"Panes": ["N_Root", "N_Scale", "N_Num", "L_New", "P_PictBase", "L_Error"]
				}
			]
		},
		{
			"FileName": "blyt/RdtBtnIconGame.bflyt",
			"Patches": [
				{
					"PaneName": "RootPane",
					"Scale": {
						"X": 0.5,
						"Y": 0.5
					}
				},
				{
					"PaneName": "P_IconGame",
					"UsdPatches": [
						{
							"PropName": "S_RoundRadius",
							"PropValues": ["1106247680"],
							"type": 1
						}
					]
				},
				{
					"PaneName": "P_Blank",
					"UsdPatches": [
						{
							"PropName": "S_RoundRadius",
							"PropValues": ["30"],
							"type": 1
						}
					]
				},
				{
					"PaneName": "P_BtnDecideKey",
					"UsdPatches": [
						{
							"PropName": "S_RoundRadius",
							"PropValues": ["30"],
							"type": 1
						}
					]
				},
				{
					"PaneName": "P_BtnTouch",
					"UsdPatches": [
						{
							"PropName": "S_RoundRadius",
							"PropValues": ["30"],
							"type": 1
						}
					]
				},
				{
					"PaneName": "P_InnerCursor",
					"Visible": false,
					"UsdPatches": [
						{
							"PropName": "S_RoundRadius",
							"PropValues": ["30"],
							"type": 2
						}
					]
				},
				{
					"PaneName": "N_BtnFocusKey",
					"Size": {
						"X": 259,
						"Y": 259
					}
				},
				{
					"PaneName": "N_Tip",
					"Scale": {
						"X": 1.1,
						"Y": 1.1
					}
				},
				{
					"PaneName": "L_Balloon",
					"Visible": false
				},
				{
					"PaneName": "B_Hit",
					"Scale": {
						"X": 2,
						"Y": 2
					},
					"Size": {
						"X": 132,
						"Y": 132
					}
				}
			],
			"AddGroups": [
				{
					"GroupName": "NSX_G_Inactive",
					"Panes": ["N_Root", "P_InnerCursor"]
				},
				{
					"GroupName": "NSX_G_Active",
					"Panes": ["N_Root", "P_InnerCursor"]
				}
			]
		},
		{
			"FileName": "blyt/RdtBase.bflyt",
			"Patches": [
				{
					"PaneName": "N_ScrollArea",
					"Position": {
						"X": 0,
						"Y": -218,
						"Z": 0
					},
					"Scale": {
						"X": 1,
						"Y": 0.5
					}
				},
				{
					"PaneName": "N_ScrollWindow",
					"Position": {
						"X": 0,
						"Y": -218,
						"Z": 0
					},
					"Size": {
						"X": 100000,
						"Y": 322
					}
				},
				{
					"PaneName": "N_GameRoot",
					"Position": {
						"X": -520,
						"Y": -218,
						"Z": 0
					},
					"Scale": {
						"X": 0.00001,
						"Y": 1
					}
				},
				{
					"PaneName": "N_Game",
					"Scale": {
						"X": 100000,
						"Y": 1
					}
				},
				{
					"PaneName": "N_Icon_00",
					"Position": {
						"X": 0,
						"Y": 0,
						"Z": 0
					}
				},
				{
					"PaneName": "N_Icon_01",
					"Position": {
						"X": 135,
						"Y": 0,
						"Z": 0
					}
				},
				{
					"PaneName": "N_Icon_02",
					"Position": {
						"X": 270,
						"Y": 0,
						"Z": 0
					}
				},
				{
					"PaneName": "N_Icon_04",
					"Position": {
						"X": 540,
						"Y": 0,
						"Z": 0
					}
				},
				{
					"PaneName": "N_Icon_05",
					"Position": {
						"X": 675,
						"Y": 0,
						"Z": 0
					}
				},
				{
					"PaneName": "N_Icon_06",
					"Position": {
						"X": 810,
						"Y": 0,
						"Z": 0
					}
				},
				{
					"PaneName": "N_Icon_07",
					"Position": {
						"X": 945,
						"Y": 0,
						"Z": 0
					}
				},
				{
					"PaneName": "N_Icon_08",
					"Position": {
						"X": 1,
						"Y": 99999,
						"Z": 0
					},
					"Visible": false
				},
				{
					"PaneName": "N_Icon_09",
					"Position": {
						"X": 1,
						"Y": 99999,
						"Z": 0
					},
					"Visible": false
				},
				{
					"PaneName": "N_Icon_10",
					"Position": {
						"X": 1,
						"Y": 99999,
						"Z": 0
					},
					"Visible": false
				},
				{
					"PaneName": "N_Icon_11",
					"Position": {
						"X": 1,
						"Y": 99999,
						"Z": 0
					},
					"Visible": false
				},
				{
					"PaneName": "N_Icon_12",
					"Position": {
						"X": 1080,
						"Y": 0,
						"Z": 0
					}
				},
				{
					"PaneName": "L_BtnFlc",
					"Position": {
						"X": 0,
						"Y": 0,
						"Z": 0
					},
					"Scale": {
						"X": 0.5,
						"Y": 0.5
					}
				},
				{
					"PaneName": "N_System",
					"Position": {
						"X": 0,
						"Y": 310,
						"Z": 0
					},
					"Scale": {
						"X": 0.7,
						"Y": 0.7
					}
				},
				{
					"PaneName": "L_BtnNoti",
					"Position": {
						"X": 0,
						"Y": -500,
						"Z": 0
					},
					"Visible": false
				},
				{
					"PaneName": "L_BtnShop",
					"Position": {
						"X": -4300,
						"Y": 0,
						"Z": 0
					},
					"Visible": false
				},
				{
					"PaneName": "L_BtnPvr",
					"Position": {
						"X": -80,
						"Y": 0,
						"Z": 0
					}
				},
				{
					"PaneName": "L_BtnCtrl",
					"Position": {
						"X": 240,
						"Y": 0,
						"Z": 0
					}
				},
				{
					"PaneName": "L_BtnSet",
					"Position": {
						"X": 80,
						"Y": 0,
						"Z": 0
					}
				},
				{
					"PaneName": "L_BtnPow",
					"Position": {
						"X": -240,
						"Y": 0,
						"Z": 0
					}
				},
				{
					"PaneName": "N_MyPage",
					"Position": {
						"X": 580,
						"Y": 310,
						"Z": 0
					},
					"Scale": {
						"X": 0.7,
						"Y": 0.7
					}
				},
				{
					"PaneName": "L_BtnAccount_00",
					"Position": {
						"X": 0,
						"Y": 0,
						"Z": 0
					}
				},
				{
					"PaneName": "L_BtnAccount_01",
					"Position": {
						"X": 0,
						"Y": -100,
						"Z": 0
					}
				},
				{
					"PaneName": "L_BtnAccount_02",
					"Position": {
						"X": 0,
						"Y": -200,
						"Z": 0
					}
				},
				{
					"PaneName": "L_BtnAccount_03",
					"Position": {
						"X": 0,
						"Y": -300,
						"Z": 0
					}
				},
				{
					"PaneName": "L_BtnAccount_04",
					"Position": {
						"X": 0,
						"Y": -400,
						"Z": 0
					}
				},
				{
					"PaneName": "L_BtnAccount_05",
					"Position": {
						"X": 0,
						"Y": -500,
						"Z": 0
					}
				},
				{
					"PaneName": "L_BtnAccount_06",
					"Position": {
						"X": 0,
						"Y": -600,
						"Z": 0
					}
				},
				{
					"PaneName": "L_BtnAccount_07",
					"Position": {
						"X": 0,
						"Y": -700,
						"Z": 0
					}
				},
				{
					"PaneName": "L_Hud",
					"Position": {
						"X": -340,
						"Y": -325,
						"Z": 0
					}
				}
			]
		},
		{
			"FileName": "blyt/Hud.bflyt",
			"Patches": [
				{
					"PaneName": "N_Time",
					"Position": {
						"X": -140,
						"Y": 640,
						"Z": 0
					},
					"Size": {
						"X": 12,
						"Y": 30
					}
				},
				{
					"PaneName": "L_Time",
					"Position": {
						"X": -8,
						"Y": 0,
						"Z": 0
					}
				}
			]
		},
		{
			"FileName": "blyt/RdtBtnNtf.bflyt",
			"Patches": [
				{
					"PaneName": "P_PictBase",
					"Visible": false
				}
			]
		},
		{
			"FileName": "blyt/RdtBtnShop.bflyt",
			"Patches": [
				{
					"PaneName": "L_Balloon",
					"Position": {
						"X": -2180,
						"Y": 72,
						"Z": 0
					}
				},
				{
					"PaneName": "P_PictBase",
					"Visible": false
				}
			]
		},
		{
			"FileName": "blyt/RdtBtnPow.bflyt",
			"Patches": [
				{
					"PaneName": "P_PictBase",
					"Visible": false
				},
				{
					"PaneName": "L_Balloon",
					"Position": {
						"X": -2180,
						"Y": 72,
						"Z": 0
					},
					"Visible": false
				}
			],
			"AddGroups": [
				{
					"GroupName": "NSX_G_Active",
					"Panes": ["N_ScaleDecide", "P_PictBase", "UF_Cursor", "N_Root", "P_Pict_00"]
				}
			]
		}
	],
	"Anims": [
		{
			"FileName": "anim/RdtBtnIconGame_Inactive.bflan",
			"AnimJson": "{\"LittleEndian\":true,\"Version\":150994944,\"pat1\":{\"AnimationOrder\":13,\"Name\":\"Inactive\",\"ChildBinding\":0,\"Groups\":[\"NSX_G_Active\"],\"Unk_StartOfFile\":0,\"Unk_EndOfFile\":0,\"Unk_EndOfHeader\":\"AWEB\"},\"pai1\":{\"FrameSize\":100,\"Flags\":0,\"Textures\":[],\"Entries\":[{\"Name\":\"N_Root\",\"Target\":0,\"Tags\":[{\"Unknown\":0,\"TagType\":\"FLPA\",\"Entries\":[{\"Index\":0,\"AnimationTarget\":6,\"DataType\":2,\"KeyFrames\":[{\"Frame\":0.0,\"Value\":1.0,\"Blend\":0.0},{\"Frame\":10.0,\"Value\":1.0,\"Blend\":0.0}],\"FLEUUnknownInt\":0,\"FLEUEntryName\":\"\"},{\"Index\":0,\"AnimationTarget\":7,\"DataType\":2,\"KeyFrames\":[{\"Frame\":0.0,\"Value\":1.0,\"Blend\":0.0},{\"Frame\":10.0,\"Value\":1.0,\"Blend\":0.0}],\"FLEUUnknownInt\":0,\"FLEUEntryName\":\"\"},{\"Index\":0,\"AnimationTarget\":1,\"DataType\":2,\"KeyFrames\":[{\"Frame\":0.0,\"Value\":120.0,\"Blend\":-3.33333325},{\"Frame\":20.0,\"Value\":0.0,\"Blend\":0.0}],\"FLEUUnknownInt\":0,\"FLEUEntryName\":\"\"}]},{\"Unknown\":0,\"TagType\":\"FLVC\",\"Entries\":[{\"Index\":0,\"AnimationTarget\":16,\"DataType\":2,\"KeyFrames\":[{\"Frame\":0.0,\"Value\":255.0,\"Blend\":0.0}],\"FLEUUnknownInt\":0,\"FLEUEntryName\":\"\"}]}],\"UnkwnownData\":\"\"},{\"Name\":\"P_InnerCursor\",\"Target\":0,\"Tags\":[{\"Unknown\":0,\"TagType\":\"FLVC\",\"Entries\":[{\"Index\":0,\"AnimationTarget\":16,\"DataType\":2,\"KeyFrames\":[{\"Frame\":0.0,\"Value\":255.0,\"Blend\":-85.0},{\"Frame\":3.0,\"Value\":0.0,\"Blend\":0.0}],\"FLEUUnknownInt\":0,\"FLEUEntryName\":\"\"}]}],\"UnkwnownData\":\"\"},{\"Name\":\"P_InnerCursor\",\"Target\":0,\"Tags\":[{\"Unknown\":0,\"TagType\":\"FLPA\",\"Entries\":[{\"Index\":0,\"AnimationTarget\":1,\"DataType\":2,\"KeyFrames\":[{\"Frame\":0.0,\"Value\":0.0,\"Blend\":0.0}],\"FLEUUnknownInt\":0,\"FLEUEntryName\":\"\"}]}],\"UnkwnownData\":\"\"}]}}"
		},
		{
			"FileName": "anim/RdtBtnIconGame_Active.bflan",
			"AnimJson": "{\"LittleEndian\":true,\"Version\":150994944,\"pat1\":{\"AnimationOrder\":12,\"Name\":\"Active\",\"ChildBinding\":0,\"Groups\":[\"NSX_G_Active\"],\"Unk_StartOfFile\":0,\"Unk_EndOfFile\":0,\"Unk_EndOfHeader\":\"ALUA\"},\"pai1\":{\"FrameSize\":150,\"Flags\":0,\"Textures\":[],\"Entries\":[{\"Name\":\"N_Root\",\"Target\":0,\"Tags\":[{\"Unknown\":0,\"TagType\":\"FLPA\",\"Entries\":[{\"Index\":0,\"AnimationTarget\":6,\"DataType\":2,\"KeyFrames\":[{\"Frame\":0.0,\"Value\":1.0,\"Blend\":0.0},{\"Frame\":50.0,\"Value\":1.8,\"Blend\":0.0}],\"FLEUUnknownInt\":0,\"FLEUEntryName\":\"\"},{\"Index\":0,\"AnimationTarget\":7,\"DataType\":2,\"KeyFrames\":[{\"Frame\":0.0,\"Value\":1.0,\"Blend\":0.0},{\"Frame\":50.0,\"Value\":1.8,\"Blend\":0.0}],\"FLEUUnknownInt\":0,\"FLEUEntryName\":\"\"},{\"Index\":0,\"AnimationTarget\":1,\"DataType\":2,\"KeyFrames\":[{\"Frame\":0.0,\"Value\":0.0,\"Blend\":10.0},{\"Frame\":45.0,\"Value\":120.0,\"Blend\":10.0}],\"FLEUUnknownInt\":0,\"FLEUEntryName\":\"\"}]},{\"Unknown\":0,\"TagType\":\"FLVC\",\"Entries\":[{\"Index\":0,\"AnimationTarget\":16,\"DataType\":2,\"KeyFrames\":[{\"Frame\":0.0,\"Value\":255.0,\"Blend\":0.0}],\"FLEUUnknownInt\":0,\"FLEUEntryName\":\"\"}]}],\"UnkwnownData\":\"\"},{\"Name\":\"P_InnerCursor\",\"Target\":0,\"Tags\":[{\"Unknown\":0,\"TagType\":\"FLVC\",\"Entries\":[{\"Index\":0,\"AnimationTarget\":16,\"DataType\":2,\"KeyFrames\":[{\"Frame\":0.0,\"Value\":0.0,\"Blend\":255.0},{\"Frame\":1.0,\"Value\":255.0,\"Blend\":0.0}],\"FLEUUnknownInt\":0,\"FLEUEntryName\":\"\"}]}],\"UnkwnownData\":\"\"},{\"Name\":\"P_InnerCursor\",\"Target\":0,\"Tags\":[{\"Unknown\":0,\"TagType\":\"FLPA\",\"Entries\":[{\"Index\":0,\"AnimationTarget\":1,\"DataType\":2,\"KeyFrames\":[{\"Frame\":0.0,\"Value\":0.0,\"Blend\":10.0},{\"Frame\":60.0,\"Value\":248.0,\"Blend\":0.0}],\"FLEUUnknownInt\":0,\"FLEUEntryName\":\"\"}]},{\"Unknown\":0,\"TagType\":\"FLPA\",\"Entries\":[{\"Index\":0,\"AnimationTarget\":6,\"DataType\":2,\"KeyFrames\":[{\"Frame\":0.0,\"Value\":0.0,\"Blend\":0.7},{\"Frame\":45.0,\"Value\":1.5,\"Blend\":0.0}],\"FLEUUnknownInt\":0,\"FLEUEntryName\":\"\"},{\"Index\":0,\"AnimationTarget\":7,\"DataType\":2,\"KeyFrames\":[{\"Frame\":0.0,\"Value\":0.0,\"Blend\":0.7},{\"Frame\":45.0,\"Value\":1.5,\"Blend\":0.0}],\"FLEUUnknownInt\":0,\"FLEUEntryName\":\"\"}]}],\"UnkwnownData\":\"\"}]}}"
		},
		{
			"FileName": "anim/RdtBtnMyPage_Active.bflan",
			"AnimJson": "{\"LittleEndian\":true,\"Version\":150994944,\"pat1\":{\"AnimationOrder\":6,\"Name\":\"Active\",\"ChildBinding\":44,\"Groups\":[\"NSX_G_Active\"],\"Unk_StartOfFile\":0,\"Unk_EndOfFile\":0,\"Unk_EndOfHeader\":\"AS0BAAAAAA==\"},\"pai1\":{\"FrameSize\":200,\"Flags\":1,\"Textures\":[],\"Entries\":[{\"Name\":\"P_PictBase\",\"Target\":0,\"Tags\":[{\"Unknown\":0,\"TagType\":\"FLPA\",\"Entries\":[{\"Index\":0,\"AnimationTarget\":8,\"DataType\":2,\"KeyFrames\":[{\"Frame\":0.0,\"Value\":60.0,\"Blend\":4.0},{\"Frame\":1.0,\"Value\":66.0,\"Blend\":0.0}],\"FLEUUnknownInt\":0,\"FLEUEntryName\":\"\"},{\"Index\":0,\"AnimationTarget\":9,\"DataType\":2,\"KeyFrames\":[{\"Frame\":0.0,\"Value\":60.0,\"Blend\":4.0},{\"Frame\":1.0,\"Value\":66.0,\"Blend\":0.0}],\"FLEUUnknownInt\":0,\"FLEUEntryName\":\"\"}]}],\"UnkwnownData\":\"\"},{\"Name\":\"N_Num\",\"Target\":0,\"Tags\":[{\"Unknown\":0,\"TagType\":\"FLPA\",\"Entries\":[{\"Index\":0,\"AnimationTarget\":1,\"DataType\":2,\"KeyFrames\":[{\"Frame\":0.0,\"Value\":38.0,\"Blend\":6.0},{\"Frame\":1.0,\"Value\":44.0,\"Blend\":0.0}],\"FLEUUnknownInt\":0,\"FLEUEntryName\":\"\"}]}],\"UnkwnownData\":\"\"},{\"Name\":\"N_Scale\",\"Target\":0,\"Tags\":[{\"Unknown\":0,\"TagType\":\"FLPA\",\"Entries\":[{\"Index\":0,\"AnimationTarget\":6,\"DataType\":2,\"KeyFrames\":[{\"Frame\":0.0,\"Value\":1.0,\"Blend\":0.185185075},{\"Frame\":1.0,\"Value\":1.18518507,\"Blend\":0.0}],\"FLEUUnknownInt\":0,\"FLEUEntryName\":\"\"},{\"Index\":0,\"AnimationTarget\":7,\"DataType\":2,\"KeyFrames\":[{\"Frame\":0.0,\"Value\":1.0,\"Blend\":0.185185075},{\"Frame\":1.0,\"Value\":1.18518507,\"Blend\":0.0}],\"FLEUUnknownInt\":0,\"FLEUEntryName\":\"\"}]}],\"UnkwnownData\":\"\"},{\"Name\":\"L_New\",\"Target\":0,\"Tags\":[{\"Unknown\":0,\"TagType\":\"FLPA\",\"Entries\":[{\"Index\":0,\"AnimationTarget\":0,\"DataType\":2,\"KeyFrames\":[{\"Frame\":0.0,\"Value\":22.0,\"Blend\":2.0},{\"Frame\":1.0,\"Value\":24.0,\"Blend\":0.0}],\"FLEUUnknownInt\":0,\"FLEUEntryName\":\"\"},{\"Index\":0,\"AnimationTarget\":1,\"DataType\":2,\"KeyFrames\":[{\"Frame\":0.0,\"Value\":22.0,\"Blend\":2.0},{\"Frame\":1.0,\"Value\":24.0,\"Blend\":0.0}],\"FLEUUnknownInt\":0,\"FLEUEntryName\":\"\"}]}],\"UnkwnownData\":\"\"},{\"Name\":\"L_Error\",\"Target\":0,\"Tags\":[{\"Unknown\":0,\"TagType\":\"FLPA\",\"Entries\":[{\"Index\":0,\"AnimationTarget\":0,\"DataType\":2,\"KeyFrames\":[{\"Frame\":0.0,\"Value\":22.0,\"Blend\":2.0},{\"Frame\":1.0,\"Value\":24.0,\"Blend\":0.0}],\"FLEUUnknownInt\":0,\"FLEUEntryName\":\"\"},{\"Index\":0,\"AnimationTarget\":1,\"DataType\":2,\"KeyFrames\":[{\"Frame\":0.0,\"Value\":22.0,\"Blend\":2.0},{\"Frame\":1.0,\"Value\":24.0,\"Blend\":0.0}],\"FLEUUnknownInt\":0,\"FLEUEntryName\":\"\"}]}],\"UnkwnownData\":\"\"},{\"Name\":\"P_PictBase\",\"Target\":1,\"Tags\":[{\"Unknown\":0,\"TagType\":\"FLTS\",\"Entries\":[{\"Index\":0,\"AnimationTarget\":3,\"DataType\":2,\"KeyFrames\":[{\"Frame\":0.0,\"Value\":1.11111,\"Blend\":0.0268157721},{\"Frame\":1.0,\"Value\":1.13792574,\"Blend\":0.0}],\"FLEUUnknownInt\":0,\"FLEUEntryName\":\"\"},{\"Index\":0,\"AnimationTarget\":4,\"DataType\":2,\"KeyFrames\":[{\"Frame\":0.0,\"Value\":1.11111,\"Blend\":0.0268157721},{\"Frame\":1.0,\"Value\":1.13792574,\"Blend\":0.0}],\"FLEUUnknownInt\":0,\"FLEUEntryName\":\"\"}]}],\"UnkwnownData\":\"\"},{\"Name\":\"P_PictBase\",\"Target\":2,\"Tags\":[{\"Unknown\":44,\"TagType\":\"FLEU\",\"Entries\":[{\"Index\":0,\"AnimationTarget\":0,\"DataType\":2,\"KeyFrames\":[{\"Frame\":0.0,\"Value\":3.0,\"Blend\":1.0},{\"Frame\":1.0,\"Value\":4.0,\"Blend\":0.0}],\"FLEUUnknownInt\":4,\"FLEUEntryName\":\"S_BorderSize\"}]}],\"UnkwnownData\":\"XAAAAA==\"},{\"Name\":\"N_Root\",\"Target\":0,\"Tags\":[{\"Unknown\":0,\"TagType\":\"FLPA\",\"Entries\":[{\"Index\":0,\"AnimationTarget\":4,\"DataType\":2,\"KeyFrames\":[{\"Frame\":0.0,\"Value\":0.0,\"Blend\":0.0},{\"Frame\":200.0,\"Value\":360.0,\"Blend\":0.0}],\"FLEUUnknownInt\":0,\"FLEUEntryName\":\"\"}]}],\"UnkwnownData\":\"\"}]}}"
		},
		{
			"FileName": "anim/RdtBtnMyPage_Inactive.bflan",
			"AnimJson": "{\"LittleEndian\":true,\"Version\":150994944,\"pat1\":{\"AnimationOrder\":7,\"Name\":\"Inactive\",\"ChildBinding\":94,\"Groups\":[\"NSX_G_Inactive\"],\"Unk_StartOfFile\":0,\"Unk_EndOfFile\":0,\"Unk_EndOfHeader\":\"AWEBAAAAAA==\"},\"pai1\":{\"FrameSize\":3,\"Flags\":0,\"Textures\":[],\"Entries\":[{\"Name\":\"P_PictBase\",\"Target\":0,\"Tags\":[{\"Unknown\":0,\"TagType\":\"FLPA\",\"Entries\":[{\"Index\":0,\"AnimationTarget\":8,\"DataType\":2,\"KeyFrames\":[{\"Frame\":0.0,\"Value\":66.0,\"Blend\":-1.33333337},{\"Frame\":3.0,\"Value\":60.0,\"Blend\":0.0}],\"FLEUUnknownInt\":0,\"FLEUEntryName\":\"\"},{\"Index\":0,\"AnimationTarget\":9,\"DataType\":2,\"KeyFrames\":[{\"Frame\":0.0,\"Value\":66.0,\"Blend\":-1.33333337},{\"Frame\":3.0,\"Value\":60.0,\"Blend\":0.0}],\"FLEUUnknownInt\":0,\"FLEUEntryName\":\"\"}]}],\"UnkwnownData\":\"\"},{\"Name\":\"N_Num\",\"Target\":0,\"Tags\":[{\"Unknown\":0,\"TagType\":\"FLPA\",\"Entries\":[{\"Index\":0,\"AnimationTarget\":1,\"DataType\":2,\"KeyFrames\":[{\"Frame\":0.0,\"Value\":44.0,\"Blend\":-2.0},{\"Frame\":3.0,\"Value\":38.0,\"Blend\":0.0}],\"FLEUUnknownInt\":0,\"FLEUEntryName\":\"\"}]}],\"UnkwnownData\":\"\"},{\"Name\":\"N_Scale\",\"Target\":0,\"Tags\":[{\"Unknown\":0,\"TagType\":\"FLPA\",\"Entries\":[{\"Index\":0,\"AnimationTarget\":6,\"DataType\":2,\"KeyFrames\":[{\"Frame\":0.0,\"Value\":1.18518507,\"Blend\":-0.06172836},{\"Frame\":3.0,\"Value\":1.0,\"Blend\":0.0}],\"FLEUUnknownInt\":0,\"FLEUEntryName\":\"\"},{\"Index\":0,\"AnimationTarget\":7,\"DataType\":2,\"KeyFrames\":[{\"Frame\":0.0,\"Value\":1.18518507,\"Blend\":-0.06172836},{\"Frame\":3.0,\"Value\":1.0,\"Blend\":0.0}],\"FLEUUnknownInt\":0,\"FLEUEntryName\":\"\"}]}],\"UnkwnownData\":\"\"},{\"Name\":\"L_New\",\"Target\":0,\"Tags\":[{\"Unknown\":0,\"TagType\":\"FLPA\",\"Entries\":[{\"Index\":0,\"AnimationTarget\":0,\"DataType\":2,\"KeyFrames\":[{\"Frame\":0.0,\"Value\":24.0,\"Blend\":-0.6666667},{\"Frame\":3.0,\"Value\":22.0,\"Blend\":0.0}],\"FLEUUnknownInt\":0,\"FLEUEntryName\":\"\"},{\"Index\":0,\"AnimationTarget\":1,\"DataType\":2,\"KeyFrames\":[{\"Frame\":0.0,\"Value\":24.0,\"Blend\":-0.6666667},{\"Frame\":3.0,\"Value\":22.0,\"Blend\":0.0}],\"FLEUUnknownInt\":0,\"FLEUEntryName\":\"\"}]}],\"UnkwnownData\":\"\"},{\"Name\":\"L_Error\",\"Target\":0,\"Tags\":[{\"Unknown\":0,\"TagType\":\"FLPA\",\"Entries\":[{\"Index\":0,\"AnimationTarget\":0,\"DataType\":2,\"KeyFrames\":[{\"Frame\":0.0,\"Value\":24.0,\"Blend\":-0.6666667},{\"Frame\":3.0,\"Value\":22.0,\"Blend\":0.0}],\"FLEUUnknownInt\":0,\"FLEUEntryName\":\"\"},{\"Index\":0,\"AnimationTarget\":1,\"DataType\":2,\"KeyFrames\":[{\"Frame\":0.0,\"Value\":24.0,\"Blend\":-0.6666667},{\"Frame\":3.0,\"Value\":22.0,\"Blend\":0.0}],\"FLEUUnknownInt\":0,\"FLEUEntryName\":\"\"}]}],\"UnkwnownData\":\"\"},{\"Name\":\"P_PictBase\",\"Target\":1,\"Tags\":[{\"Unknown\":0,\"TagType\":\"FLTS\",\"Entries\":[{\"Index\":0,\"AnimationTarget\":3,\"DataType\":2,\"KeyFrames\":[{\"Frame\":0.0,\"Value\":1.13792574,\"Blend\":-0.008938591},{\"Frame\":3.0,\"Value\":1.11111,\"Blend\":0.0}],\"FLEUUnknownInt\":0,\"FLEUEntryName\":\"\"},{\"Index\":0,\"AnimationTarget\":4,\"DataType\":2,\"KeyFrames\":[{\"Frame\":0.0,\"Value\":1.13792574,\"Blend\":-0.008938591},{\"Frame\":3.0,\"Value\":1.11111,\"Blend\":0.0}],\"FLEUUnknownInt\":0,\"FLEUEntryName\":\"\"}]}],\"UnkwnownData\":\"\"},{\"Name\":\"P_PictBase\",\"Target\":2,\"Tags\":[{\"Unknown\":44,\"TagType\":\"FLEU\",\"Entries\":[{\"Index\":0,\"AnimationTarget\":0,\"DataType\":2,\"KeyFrames\":[{\"Frame\":0.0,\"Value\":4.0,\"Blend\":-0.333333343},{\"Frame\":3.0,\"Value\":3.0,\"Blend\":0.0}],\"FLEUUnknownInt\":4,\"FLEUEntryName\":\"S_BorderSize\"}]}],\"UnkwnownData\":\"XAAAAA==\"},{\"Name\":\"N_Root\",\"Target\":0,\"Tags\":[{\"Unknown\":0,\"TagType\":\"FLPA\",\"Entries\":[{\"Index\":0,\"AnimationTarget\":4,\"DataType\":2,\"KeyFrames\":[{\"Frame\":0.0,\"Value\":0.0,\"Blend\":0.0}],\"FLEUUnknownInt\":0,\"FLEUEntryName\":\"\"}]}],\"UnkwnownData\":\"\"}]}}"
		}
	]
}
