{
	"PatchName": "Mini lockscreen",
	"AuthorName": "gleonardo13",
	"TargetName": "Entrance.szs",
	"Files": [
		{
			"FileName": "blyt/EntMain.bflyt",
			"Patches": [
				{
					"PaneName": "N_CntRMain",
					"Position": {
						"X": 0,
						"Y": -299,
						"Z": 0
					},
					"Scale": {
						"X": 0.4,
						"Y": 0.4
					}
				},
				{
					"PaneName": "N_SystemApplet",
					"Visible": true
				},
				{
					"PaneName": "L_BtnResume",
					"Scale": {
						"X": 0,
						"Y": 0
					}
				},
				{
					"PaneName": "P_LocBgRMask",
					"Scale": {
						"X": 0,
						"Y": 0
					},
					"Size": {
						"X": 0,
						"Y": 0
					}
				},
				{
					"PaneName": "P_LockBgR",
					"Scale": {
						"X": 0,
						"Y": 0
					},
					"Size": {
						"X": 0,
						"Y": 0
					}
				},
				{
					"PaneName": "L_BtnNtf",
					"Position": {
						"X": 0,
						"Y": -285,
						"Z": 0
					},
					"Scale": {
						"X": 0.8,
						"Y": 0.8
					}
				},
				{
					"PaneName": "L_Lock",
					"Position": {
						"X": 400,
						"Y": -290,
						"Z": 0
					},
					"Scale": {
						"X": 0.8,
						"Y": 0.8
					}
				},
				{
					"PaneName": "L_BtnBack",
					"Position": {
						"X": -362,
						"Y": -285,
						"Z": 0
					}
				}
			]
		},
		{
			"FileName": "blyt/EntBtnResumeSystemApplet.bflyt",
			"Patches": [
				{
					"PaneName": ",",
					"Position": {
						"X": 2.354181e-43,
						"Y": 2.522337e-43,
						"Z": 2.746545e-43
					},
					"Size": {
						"X": 1.76222143e31,
						"Y": 0
					}
				}
			]
		},
		{
			"FileName": "blyt/Hud.bflyt",
			"Patches": [
				{
					"PaneName": "N_Root",
					"Position": {
						"X": -20,
						"Y": -580,
						"Z": 0
					}
				},
				{
					"PaneName": "L_BatteryConsole",
					"Position": {
						"X": 0,
						"Y": 0,
						"Z": 0
					}
				},
				{
					"PaneName": "N_BatteryNum",
					"Position": {
						"X": -26,
						"Y": 0,
						"Z": 0
					}
				},
				{
					"PaneName": "L_BatteryNum",
					"Position": {
						"X": 110,
						"Y": 0,
						"Z": 0
					}
				},
				{
					"PaneName": "L_Signal",
					"Position": {
						"X": 70,
						"Y": 0,
						"Z": 0
					}
				},
				{
					"PaneName": "L_Time",
					"Position": {
						"X": 70,
						"Y": 0,
						"Z": 0
					}
				}
			]
		}
	]
}
