{
	"PatchName": "Banned User Page",
	"AuthorName": "Glowmoss",
	"TargetName": "MyPage.szs",
	"Files": [
		{
			"FileName": "blyt/MypMyStatus.bflyt",
			"Patches": [
				{
					"PaneName": "L_LineBLL_00",
					"Visible": false
				},
				{
					"PaneName": "L_LineBLL_01",
					"Visible": false
				},
				{
					"PaneName": "L_LineBLL_02",
					"Visible": false
				},
				{
					"PaneName": "L_LineBLL_03",
					"Visible": false
				},
				{
					"PaneName": "L_LineBLL_04",
					"Visible": false
				},
				{
					"PaneName": "L_LineBLL_05",
					"Visible": false
				},
				{
					"PaneName": "L_LineBLL_06",
					"Visible": false
				},
				{
					"PaneName": "L_LineBLL_07",
					"Visible": false
				},
				{
					"PaneName": "L_LineBLL_08",
					"Visible": false
				},
				{
					"PaneName": "L_LineBLL_09",
					"Visible": false
				},
				{
					"PaneName": "L_LineBLL_10",
					"Visible": false
				},
				{
					"PaneName": "L_LineBLL_11",
					"Visible": false
				},
				{
					"PaneName": "L_LineBLL_12",
					"Visible": false
				},
				{
					"PaneName": "L_LineBLL_13",
					"Visible": false
				},
				{
					"PaneName": "L_LineBLL_14",
					"Visible": false
				},
				{
					"PaneName": "L_LineBLL_15",
					"Visible": false
				},
				{
					"PaneName": "L_LineBLL_16",
					"Visible": false
				},
				{
					"PaneName": "L_LineBLL_17",
					"Visible": false
				},
				{
					"PaneName": "L_LineBLL_18",
					"Visible": false
				},
				{
					"PaneName": "L_LineBLL_19",
					"Visible": false
				},
				{
					"PaneName": "L_LineBLL_20",
					"Visible": false
				},
				{
					"PaneName": "L_Line_03",
					"Visible": false
				},
				{
					"PaneName": "L_Line_04",
					"Visible": false
				},
				{
					"PaneName": "L_Line_05",
					"Visible": false
				}
			]
		},
		{
			"FileName": "blyt/MypNav.bflyt",
			"Patches": [
				{
					"PaneName": "L_Line_00",
					"Visible": false
				},
				{
					"PaneName": "L_BtnFrdList",
					"Visible": false
				},
				{
					"PaneName": "L_BtnTrend",
					"Visible": false
				},
				{
					"PaneName": "L_BtnInvitation",
					"Visible": false
				},
				{
					"PaneName": "L_NewInv",
					"Visible": false
				},
				{
					"PaneName": "L_BtnRecommend",
					"Visible": false
				},
				{
					"PaneName": "L_BtnFrdAdd",
					"Visible": false
				},
				{
					"PaneName": "L_New",
					"Visible": false
				},
				{
					"PaneName": "L_Line_02",
					"Visible": false
				},
				{
					"PaneName": "L_BtnSetting",
					"Visible": false
				}
			]
		}
	]
}
